"ASH_EPSILON";"150";"160";"170";"180"
"0.25";"Round 1 day -2: 16,553";"Round 1 day -2: 16,553";"Round 1 day -2: 16,579";"Round 1 day -2: 16,542"
"";"Round 1 day -1: 17,269";"Round 1 day -1: 17,266";"Round 1 day -1: 17,231";"Round 1 day -1: 17,195"
"";"Round 1 day 0: 16,670";"Round 1 day 0: 16,733";"Round 1 day 0: 16,745";"Round 1 day 0: 16,749"
"";"Total profit: 50,492";"Total profit: 50,552";"Total profit: 50,555";"Total profit: 50,486"
"0.30";"Round 1 day -2: 16,685";"Round 1 day -2: 16,705";"Round 1 day -2: 16,850";"Round 1 day -2: 16,822"
"";"Round 1 day -1: 17,433";"Round 1 day -1: 17,485";"Round 1 day -1: 17,486";"Round 1 day -1: 17,628"
"";"Round 1 day 0: 16,698";"Round 1 day 0: 16,698";"Round 1 day 0: 16,715";"Round 1 day 0: 16,849"
"";"Total profit: 50,816";"Total profit: 50,888";"Total profit: 51,051";"Total profit: 51,299"
"0.35";"Round 1 day -2: 16,661";"Round 1 day -2: 16,825";"Round 1 day -2: 16,825";"Round 1 day -2: 17,036"
"";"Round 1 day -1: 17,975";"Round 1 day -1: 18,084";"Round 1 day -1: 18,035";"Round 1 day -1: 18,246"
"";"Round 1 day 0: 16,845";"Round 1 day 0: 16,815";"Round 1 day 0: 16,724";"Round 1 day 0: 16,746"
"";"Total profit: 51,481";"Total profit: 51,724";"Total profit: 51,584";"Total profit: 52,028"
"0.40";"Round 1 day -2: 16,809";"Round 1 day -2: 16,895";"Round 1 day -2: 16,895";"Round 1 day -2: 17,094"
"";"Round 1 day -1: 18,641";"Round 1 day -1: 19,062";"Round 1 day -1: 18,732";"Round 1 day -1: 18,814"
"";"Round 1 day 0: 17,030";"Round 1 day 0: 17,109";"Round 1 day 0: 17,083";"Round 1 day 0: 17,123"
"";"Total profit: 52,480";"Total profit: 53,066";"Total profit: 52,710";"Total profit: 53,031"
"0.45";"Round 1 day -2: 16,905";"Round 1 day -2: 16,905";"Round 1 day -2: 16,905";"Round 1 day -2: 17,025"
"";"Round 1 day -1: 19,316";"Round 1 day -1: 19,396";"Round 1 day -1: 19,495";"Round 1 day -1: 19,403"
"";"Round 1 day 0: 17,467";"Round 1 day 0: 17,533";"Round 1 day 0: 17,465";"Round 1 day 0: 17,440"
"";"Total profit: 53,688";"Total profit: 53,834";"Total profit: 53,865";"Total profit: 53,868"
"0.50";"Round 1 day -2: 16,975";"Round 1 day -2: 17,031";"Round 1 day -2: 17,039";"Round 1 day -2: 17,151"
"";"Round 1 day -1: 19,462";"Round 1 day -1: 19,511";"Round 1 day -1: 19,627";"Round 1 day -1: 19,784"
"";"Round 1 day 0: 17,683";"Round 1 day 0: 17,713";"Round 1 day 0: 17,729";"Round 1 day 0: 17,815"
"";"Total profit: 54,120";"Total profit: 54,255";"Total profit: 54,395";"Total profit: 54,750"
"0.55";"Round 1 day -2: 17,051";"Round 1 day -2: 17,074";"Round 1 day -2: 17,195";"Round 1 day -2: 17,379"
"";"Round 1 day -1: 19,606";"Round 1 day -1: 19,604";"Round 1 day -1: 19,681";"Round 1 day -1: 19,666"
"";"Round 1 day 0: 18,074";"Round 1 day 0: 18,027";"Round 1 day 0: 18,036";"Round 1 day 0: 17,694"
"";"Total profit: 54,731";"Total profit: 54,705";"Total profit: 54,912";"Total profit: 54,739"
"0.60";"Round 1 day -2: 17,060";"Round 1 day -2: 16,950";"Round 1 day -2: 17,088";"Round 1 day -2: 17,165"
"";"Round 1 day -1: 19,518";"Round 1 day -1: 19,561";"Round 1 day -1: 19,585";"Round 1 day -1: 19,577"
"";"Round 1 day 0: 18,074";"Round 1 day 0: 18,008";"Round 1 day 0: 18,057";"Round 1 day 0: 17,945"
"";"Total profit: 54,652";"Total profit: 54,519";"Total profit: 54,730";"Total profit: 54,687"
"0.65";"Round 1 day -2: 17,044";"Round 1 day -2: 17,014";"Round 1 day -2: 16,880";"Round 1 day -2: 16,939"
"";"Round 1 day -1: 19,368";"Round 1 day -1: 19,426";"Round 1 day -1: 19,586";"Round 1 day -1: 19,503"
"";"Round 1 day 0: 18,071";"Round 1 day 0: 18,100";"Round 1 day 0: 18,085";"Round 1 day 0: 18,058"
"";"Total profit: 54,483";"Total profit: 54,540";"Total profit: 54,551";"Total profit: 54,500"
"0.70";"Round 1 day -2: 16,935";"Round 1 day -2: 16,955";"Round 1 day -2: 17,105";"Round 1 day -2: 16,985"
"";"Round 1 day -1: 19,288";"Round 1 day -1: 19,227";"Round 1 day -1: 19,266";"Round 1 day -1: 19,380"
"";"Round 1 day 0: 18,129";"Round 1 day 0: 18,160";"Round 1 day 0: 18,154";"Round 1 day 0: 18,037"
"";"Total profit: 54,352";"Total profit: 54,342";"Total profit: 54,525";"Total profit: 54,402"
"0.75";"Round 1 day -2: 16,817";"Round 1 day -2: 16,804";"Round 1 day -2: 16,999";"Round 1 day -2: 16,998"
"";"Round 1 day -1: 19,086";"Round 1 day -1: 18,958";"Round 1 day -1: 19,017";"Round 1 day -1: 19,308"
"";"Round 1 day 0: 18,187";"Round 1 day 0: 18,250";"Round 1 day 0: 18,252";"Round 1 day 0: 18,384"
"";"Total profit: 54,090";"Total profit: 54,012";"Total profit: 54,268";"Total profit: 54,690"
"0.80";"Round 1 day -2: 16,726";"Round 1 day -2: 16,680";"Round 1 day -2: 16,883";"Round 1 day -2: 16,938"
"";"Round 1 day -1: 19,004";"Round 1 day -1: 19,095";"Round 1 day -1: 18,964";"Round 1 day -1: 19,037"
"";"Round 1 day 0: 18,112";"Round 1 day 0: 18,142";"Round 1 day 0: 18,246";"Round 1 day 0: 18,324"
"";"Total profit: 53,842";"Total profit: 53,917";"Total profit: 54,093";"Total profit: 54,299"
"0.85";"Round 1 day -2: 16,616";"Round 1 day -2: 16,611";"Round 1 day -2: 16,699";"Round 1 day -2: 16,736"
"";"Round 1 day -1: 19,075";"Round 1 day -1: 19,036";"Round 1 day -1: 19,094";"Round 1 day -1: 19,006"
"";"Round 1 day 0: 18,194";"Round 1 day 0: 18,185";"Round 1 day 0: 18,216";"Round 1 day 0: 18,218"
"";"Total profit: 53,885";"Total profit: 53,832";"Total profit: 54,009";"Total profit: 53,960"
"0.90";"Round 1 day -2: 16,616";"Round 1 day -2: 16,589";"Round 1 day -2: 16,653";"Round 1 day -2: 16,715"
"";"Round 1 day -1: 19,003";"Round 1 day -1: 19,002";"Round 1 day -1: 18,767";"Round 1 day -1: 18,859"
"";"Round 1 day 0: 18,175";"Round 1 day 0: 18,316";"Round 1 day 0: 18,277";"Round 1 day 0: 18,278"
"";"Total profit: 53,794";"Total profit: 53,907";"Total profit: 53,697";"Total profit: 53,852"
"0.95";"Round 1 day -2: 16,531";"Round 1 day -2: 16,668";"Round 1 day -2: 16,699";"Round 1 day -2: 16,797"
"";"Round 1 day -1: 18,959";"Round 1 day -1: 18,788";"Round 1 day -1: 18,946";"Round 1 day -1: 18,736"
"";"Round 1 day 0: 18,312";"Round 1 day 0: 18,235";"Round 1 day 0: 18,326";"Round 1 day 0: 18,311"
"";"Total profit: 53,802";"Total profit: 53,691";"Total profit: 53,971";"Total profit: 53,844"
"1.00";"Round 1 day -2: 16,506";"Round 1 day -2: 16,622";"Round 1 day -2: 16,643";"Round 1 day -2: 16,750"
"";"Round 1 day -1: 18,711";"Round 1 day -1: 18,695";"Round 1 day -1: 18,930";"Round 1 day -1: 18,934"
"";"Round 1 day 0: 18,177";"Round 1 day 0: 18,161";"Round 1 day 0: 18,174";"Round 1 day 0: 18,299"
"";"Total profit: 53,394";"Total profit: 53,478";"Total profit: 53,747";"Total profit: 53,983"
