alpha3,alpha4,mean_total_profit,count,max_total_profit,min_total_profit,std_total_profit
-25,5,56649.06018518518,648,56981,56305,173.66906409006938
-35,5,56637.53703703704,648,56981,56305,172.71787356913399
-15,5,56635.916666666664,648,56981,56305,163.9547073393568
-15,-5,56610.12114197531,1296,56962,56227,171.97425052099518
-25,-5,56602.619598765436,1296,56980,56212,170.67152280527398
-35,-5,56599.355709876545,1296,56980,56148,176.82470655335388
-25,-15,56580.1774691358,1296,56974,56068,196.5814776643426
-35,-15,56578.95524691358,1296,56974,56066,198.5538243440365
-15,-15,56570.81327160494,1296,56944,56068,189.60954558614938
