product,day,ema_window,horizon,n,alpha,beta,corr,t_beta,r2,rmse,mae,hit_rate,mean_abs_residual,mean_abs_future_change,mean_reversion_score
VELVETFRUIT_EXTRACT,day_all,10,1,29997,0.0016070211234186118,-0.02708196793214305,-0.03657768625164408,-6.339155208938096,0.0013379271315235863,0.9986507981075204,0.7690716963317875,0.3746082549843302,1.0757761012735148,0.7621595492882621,0.02708196793214305
VELVETFRUIT_EXTRACT,day_all,20,1,29997,0.0016087278177973835,-0.013018748685267775,-0.02615638664993562,-4.531591935766233,0.0006841565625809176,0.9989776262210369,0.7672796993234045,0.3741081549643262,1.5974153928079464,0.7621595492882621,0.013018748685267775
VELVETFRUIT_EXTRACT,day_all,30,1,29997,0.0016069401970098905,-0.008610187559205226,-0.02152863676801086,-3.7294228786625117,0.00046348220108893834,0.9990879199697197,0.7664405996849495,0.3720077348803094,1.9871090620054888,0.7621595492882621,0.008610187559205226
VELVETFRUIT_EXTRACT,day_all,50,1,29997,0.0016137271861461021,-0.005583930550831299,-0.01816605799550368,-3.1467105857574253,0.0003300056630959336,0.9991546260593088,0.7658243394620666,0.3708074948322998,2.5890427144353962,0.7621595492882621,0.005583930550831299
VELVETFRUIT_EXTRACT,day_all,75,1,29997,0.0016299226743531595,-0.0043215058683846175,-0.017156286638839568,-2.97174575407421,0.00029433817123403205,0.9991724504522699,0.7656536687683352,0.3700740148029606,3.1713431358803277,0.7621595492882621,0.0043215058683846175
VELVETFRUIT_EXTRACT,day_all,100,1,29997,0.0016448002246176447,-0.0037288744269665915,-0.016965844504012003,-2.938748551303934,0.00028783987973413083,0.999175697859751,0.7656309576570107,0.3680069347202774,3.650025085402587,0.7621595492882621,0.0037288744269665915
VELVETFRUIT_EXTRACT,day_all,125,1,29997,0.001656603181124655,-0.0033691971272722956,-0.01699319066097716,-2.943486698798441,0.0002887685288402997,0.9991752337842545,0.7656406442706887,0.36764019470560777,4.0563481752619905,0.7621595492882621,0.0033691971272722956
VELVETFRUIT_EXTRACT,day_all,150,1,29997,0.0016659881596723018,-0.0031224873359849215,-0.01710094522931489,-2.962156919997254,0.0002924423277360644,0.9991733978679783,0.7656632287973639,0.3676068547042742,4.408068823621687,0.7621595492882621,0.0031224873359849215
VELVETFRUIT_EXTRACT,day_all,175,1,29997,0.0016738760928106987,-0.0029417815284637386,-0.017249127040414515,-2.987831983396036,0.00029753238365626267,0.9991708541966297,0.7656926316464886,0.3670734146829366,4.719429982074268,0.7621595492882621,0.0029417815284637386
VELVETFRUIT_EXTRACT,day_all,200,1,29997,0.0016810218556842932,-0.0028039473757357656,-0.017422201291355133,-3.017820342276819,0.00030353309783648363,0.9991678554305443,0.7657251957532941,0.3675068347002734,5.0002045217682864,0.7621595492882621,0.0028039473757357656
VELVETFRUIT_EXTRACT,day_all,250,1,29997,0.0016950966873642093,-0.0026090784653181576,-0.01781273725824776,-3.0854890216944013,0.0003172936086314193,0.9991609787895693,0.7657942149205152,0.3677735547109422,5.487492640855114,0.7621595492882621,0.0026090784653181576
VELVETFRUIT_EXTRACT,day_all,300,1,29997,0.0017107194987222196,-0.002479731333390704,-0.018232608608722816,-3.158242258218072,0.0003324280166788762,0.9991534155061922,0.7658656183320913,0.3678402347136094,5.89604813611202,0.7621595492882621,0.002479731333390704
VELVETFRUIT_EXTRACT,day_0,10,1,9999,-0.0006476703914597401,-0.01852143572528169,-0.02542018825694757,-2.542459077708224,0.0006461859710187312,0.9949415139410294,0.7632308340542113,0.3704740948189638,1.089687821961568,0.7581758175817582,0.01852143572528169
VELVETFRUIT_EXTRACT,day_0,20,1,9999,-0.0006527451027276304,-0.0092894482042248,-0.0189546806744805,-1.8955242684042406,0.00035927991947182214,0.995084323350623,0.7620374839047446,0.368373674734947,1.6221459988628684,0.7581758175817582,0.0092894482042248
VELVETFRUIT_EXTRACT,day_0,30,1,9999,-0.0006547846758401891,-0.006271823492644307,-0.015918593509992952,-1.5918222521321932,0.00025340161933651295,0.9951370198069095,0.7614531119260898,0.36667333466693336,2.0232582435719424,0.7581758175817582,0.006271823492644307
VELVETFRUIT_EXTRACT,day_0,50,1,9999,-0.0006619562924101609,-0.004174659181425715,-0.01378985090314958,-1.3789093399606267,0.00019015998793114886,0.9951684943292896,0.7610361800468727,0.3674734946989398,2.642561955354175,0.7581758175817582,0.004174659181425715
VELVETFRUIT_EXTRACT,day_0,75,1,9999,-0.0006796250999896436,-0.003525248284465868,-0.014176602807851001,-1.4175900737888796,0.00020097606717184302,0.9951631113804661,0.7611135866375685,0.3661732346469294,3.2354036020130588,0.7581758175817582,0.003525248284465868
VELVETFRUIT_EXTRACT,day_0,100,1,9999,-0.0007043759751826327,-0.0033844597420466097,-0.015515678286583973,-1.5515218410598053,0.00024073627269294295,0.9951433232619132,0.7613843647546831,0.3631726345269054,3.7131644703846565,0.7581758175817582,0.0033844597420466097
VELVETFRUIT_EXTRACT,day_0,125,1,9999,-0.0007341743085471306,-0.0033578516401372763,-0.016952183027581526,-1.695207599862461,0.0002873765094009162,0.9951201105430274,0.76167251583727,0.3647729545909182,4.110478942611685,0.7581758175817582,0.0033578516401372763
VELVETFRUIT_EXTRACT,day_0,150,1,9999,-0.0007676904891932411,-0.0033514565109899657,-0.018248236883890056,-1.8248538060720056,0.00033299814937071126,0.9950974042530906,0.7619276314212131,0.36437287457491496,4.446861121956456,0.7581758175817582,0.0033514565109899657
VELVETFRUIT_EXTRACT,day_0,175,1,9999,-0.0008036989818996366,-0.003342513252150875,-0.019359722038814416,-1.9360446339088024,0.0003747988374203093,0.9950765992295508,0.7621431059853608,0.3647729545909182,4.739037672426534,0.7581758175817582,0.003342513252150875
VELVETFRUIT_EXTRACT,day_0,200,1,9999,-0.0008409858315143463,-0.0033268691583211254,-0.02029930914241073,-2.0300446969490027,0.000412061951659326,0.9950580522788975,0.7623238357902647,0.36637327465493097,4.998554126292064,0.7581758175817582,0.0033268691583211254
VELVETFRUIT_EXTRACT,day_0,250,1,9999,-0.0009151272142258937,-0.0032787901181412843,-0.021765031931107102,-2.176692321874384,0.0004737166149622052,0.9950273641758844,0.7626075943005686,0.3652730546109222,5.449576223270637,0.7581758175817582,0.0032787901181412843
VELVETFRUIT_EXTRACT,day_0,300,1,9999,-0.00098358115834319,-0.003217910128314084,-0.022829964052160496,-2.2832490306044892,0.0005212072586230354,0.995003725452178,0.7628104282174968,0.3644728945789158,5.8251232015167815,0.7581758175817582,0.003217910128314084
VELVETFRUIT_EXTRACT,day_1,10,1,9999,0.0023821673334661645,-0.03124904459876231,-0.041875534790604935,-4.190601147225491,0.0017535604139991001,0.9971327981649125,0.769935517913804,0.3765753150630126,1.0652698816141268,0.7622262226222623,0.03124904459876231
VELVETFRUIT_EXTRACT,day_1,20,1,9999,0.0023070265645016175,-0.01144290934451239,-0.023130640061948902,-2.313335951395152,0.000535026509675407,0.9977411998118116,0.7668163078223719,0.3750750150030006,1.6011012233716873,0.7622262226222623,0.01144290934451239
VELVETFRUIT_EXTRACT,day_1,30,1,9999,0.002247607646744089,-0.005825740139307233,-0.014822787657084897,-1.482219249086986,0.00021971503392692604,0.997898571230481,0.7652857179678952,0.3684736947389478,2.0150932822841496,0.7622262226222623,0.005825740139307233
VELVETFRUIT_EXTRACT,day_1,50,1,9999,0.002209640496659005,-0.0028937706930762504,-0.009693218592696775,-0.9692219844693537,9.395848668569684e-05,0.9979613291857609,0.7643156175902353,0.36667333466693336,2.6636446861930794,0.7622262226222623,0.0028937706930762504
VELVETFRUIT_EXTRACT,day_1,75,1,9999,0.002214517255095484,-0.0020934770986641843,-0.008620525288561907,-0.8619552393088377,7.431345625052987e-05,0.9979711325490659,0.7641265116297625,0.36637327465493097,3.294489817724808,0.7622262226222623,0.0020934770986641843
VELVETFRUIT_EXTRACT,day_1,100,1,9999,0.002231351388422601,-0.0018221218521354762,-0.008641880968996632,-0.8640907256218789,7.468210668215569e-05,0.9979709485841335,0.7641442658967772,0.3639727945589118,3.822773461415613,0.7622262226222623,0.0018221218521354762
VELVETFRUIT_EXTRACT,day_1,125,1,9999,0.0022525894948052677,-0.001700135985047247,-0.008970044237850278,-0.8969059470402694,8.046169362907474e-05,0.9979680644346379,0.7642228269211653,0.3624724944988998,4.27384426720908,0.7622262226222623,0.001700135985047247
VELVETFRUIT_EXTRACT,day_1,150,1,9999,0.0022772569583750088,-0.0016436925868963152,-0.00943915081845146,-0.943815530733115,8.909756817343517e-05,0.9979637549150807,0.7643283253013367,0.36137227445489095,4.66182946792972,0.7622262226222623,0.0016436925868963152
VELVETFRUIT_EXTRACT,day_1,175,1,9999,0.0023047596601509087,-0.0016202160672306636,-0.009976502549427146,-0.997550240803098,9.953060311873596e-05,0.9979585485422613,0.7644432796351225,0.3611722344468894,5.002001620186426,0.7622262226222623,0.0016202160672306636
VELVETFRUIT_EXTRACT,day_1,200,1,9999,0.002334483024215307,-0.0016137549628315595,-0.010539295633790625,-1.0538299917179956,0.0001110767524562517,0.997952786662929,0.7645589266009696,0.36057211442288456,5.308624827468322,0.7622262226222623,0.0016137549628315595
VELVETFRUIT_EXTRACT,day_1,250,1,9999,0.002398574253398443,-0.0016224853296734677,-0.011651278050303146,-1.1650321033161068,0.0001357522802053479,0.9979404727133319,0.7647846547638951,0.3624724944988998,5.832795242826969,0.7622262226222623,0.0016224853296734677
VELVETFRUIT_EXTRACT,day_1,300,1,9999,0.002466628836001411,-0.0016402747702220699,-0.012684854407909904,-1.2683972038705709,0.00016090553134984198,0.9979279202066972,0.764992443251551,0.3632726545309062,6.2661386675529105,0.7622262226222623,0.0016402747702220699
VELVETFRUIT_EXTRACT,day_2,10,1,9999,0.0032143409415735804,-0.031806256347979386,-0.0425985204726306,-4.263082745188548,0.0018146339464570893,1.0037487261681286,0.7739369505868023,0.37677535507101423,1.0723706002448492,0.7660766076607661,0.031806256347979386
VELVETFRUIT_EXTRACT,day_2,20,1,9999,0.0033116455460778034,-0.018626878664968535,-0.03660908423611369,-3.662814567018443,0.001340225048606869,1.0039872243353962,0.7728622357237608,0.378875775155031,1.5689989561892845,0.7660766076607661,0.018626878664968535
VELVETFRUIT_EXTRACT,day_2,30,1,9999,0.0033837737245832134,-0.014201242385665806,-0.03433296477469288,-3.434806434568533,0.0011787524702203678,1.0040683880396202,0.7724158919858897,0.380876175235047,1.9229756601603747,0.7660766076607661,0.014201242385665806
VELVETFRUIT_EXTRACT,day_2,50,1,9999,0.003472712104307767,-0.01026200398094804,-0.031846069742100025,-3.1857451041184026,0.001014172158018578,1.0041511070859468,0.7719617883259953,0.3782756551310262,2.460921501758934,0.7660766076607661,0.01026200398094804
VELVETFRUIT_EXTRACT,day_2,75,1,9999,0.0035238236500475992,-0.007862310627876892,-0.029595748428204647,-2.9604276889581436,0.0008759083250254873,1.004220594046372,0.7715918799505171,0.3776755351070214,2.984135987903116,0.7660766076607661,0.007862310627876892
VELVETFRUIT_EXTRACT,day_2,100,1,9999,0.0035355003240166677,-0.006402472328764301,-0.027619976918884258,-2.762637319271613,0.0007628631249996243,1.004277403359625,0.7712489087174363,0.376875375075015,3.4141373244074904,0.7660766076607661,0.006402472328764301
VELVETFRUIT_EXTRACT,day_2,125,1,9999,0.0035250411447645146,-0.005391828871392044,-0.025861790282582675,-2.586656236478033,0.0006688321966202837,1.0043246548635993,0.7709348943693533,0.3756751350270054,3.7847213159652093,0.7660766076607661,0.005391828871392044
VELVETFRUIT_EXTRACT,day_2,150,1,9999,0.0035044966337451746,-0.004654837733947965,-0.02435075704781663,-2.435432579379001,0.0005929593688017709,1.0043627801156476,0.7706609747080149,0.3770754150830166,4.115515880978883,0.7660766076607661,0.004654837733947965
VELVETFRUIT_EXTRACT,day_2,175,1,9999,0.003481303102668359,-0.004103351004420323,-0.023095184205477334,-2.309788055039855,0.0005333875334849747,1.0043927132860824,0.7704356990018185,0.3752750550110022,4.417250653609845,0.7660766076607661,0.004103351004420323
VELVETFRUIT_EXTRACT,day_2,200,1,9999,0.0034594656161034878,-0.0036837077347067213,-0.02207925020603859,-2.2081320974092082,0.00048749328966068983,1.004415773243439,0.7702554029069897,0.3755751150230046,4.69343461154447,0.7660766076607661,0.0036837077347067213
VELVETFRUIT_EXTRACT,day_2,250,1,9999,0.0034260110348891914,-0.0031074648794079656,-0.02064917196290166,-2.0650477385171033,0.0004263883027533222,1.0044464751477453,0.7700080439250848,0.3755751150230046,5.180106456467737,0.7660766076607661,0.0031074648794079656
VELVETFRUIT_EXTRACT,day_2,300,1,9999,0.003407467036947372,-0.0027488819585926322,-0.019816304557261813,-1.9817223243001882,0.0003926859263061466,1.0044634083418034,0.769861586390337,0.3757751550310062,5.5968825392663675,0.7660766076607661,0.0027488819585926322
