product,ema_window,horizon,bucket,residual_mean,future_change_mean,future_change_median,count
VEV_5000,15,1,0,-0.5444713040298692,0.4783865063324403,0.46043434015973606,6000
VEV_5000,15,1,1,-0.20442955451964817,0.18968833919867126,0.0455674260974773,5999
VEV_5000,15,1,2,-0.02877483768220159,0.0411238308215117,0.0003879555570165498,6000
VEV_5000,15,1,3,0.1523332957469576,-0.1404763850578964,-0.045590782927320106,5999
VEV_5000,15,1,4,0.6247289988942064,-0.5689309710267464,-0.47941725539430985,6000
VEV_5000,20,1,0,-0.5377851413003952,0.4831893566523004,0.46225532841936,6000
VEV_5000,20,1,1,-0.20306071994743358,0.19062842861098206,0.04574597932605684,5999
VEV_5000,20,1,2,-0.02927009476951848,0.04022038187585607,0.0004092027384103164,6000
VEV_5000,20,1,3,0.15021469461543108,-0.136529153095784,-0.045702390540100196,5999
VEV_5000,20,1,4,0.6191120457117824,-0.5777168792218116,-0.486045590660524,6000
VEV_5000,25,1,0,-0.534366532089191,0.48953837928414307,0.46381315108283155,6000
VEV_5000,25,1,1,-0.20186309738809732,0.18870028426328678,0.04547346395793281,5999
VEV_5000,25,1,2,-0.02967036001188067,0.03867945863833635,0.0004169329845353925,6000
VEV_5000,25,1,3,0.14886618245225278,-0.1373824263598145,-0.046371133292268496,5999
VEV_5000,25,1,4,0.6160473156986656,-0.5797440245740106,-0.49698271265742733,6000
VEV_5000,30,1,0,-0.5324789847678058,0.49114126552328313,0.4642928228659003,6000
VEV_5000,30,1,1,-0.20098151314755822,0.18690061297519722,0.0454013794133061,5999
VEV_5000,30,1,2,-0.02999912811038593,0.03998473856703807,0.00042737885041795043,6000
VEV_5000,30,1,3,0.14805654591079198,-0.13732919720489428,-0.0460468566488999,5999
VEV_5000,30,1,4,0.6141993511688342,-0.580906039682372,-0.4979670368261394,6000
VEV_5000,35,1,0,-0.5313324093458472,0.4930544812137902,0.4646962976148643,6000
VEV_5000,35,1,1,-0.2004448411695459,0.1870510112564928,0.045431582804667414,5999
VEV_5000,35,1,2,-0.03033649571479866,0.03801625653309156,0.00040133407719620054,6000
VEV_5000,35,1,3,0.1476239551020267,-0.1364773000318568,-0.046481357767333975,5999
VEV_5000,35,1,4,0.6130515349615612,-0.5818529017440233,-0.4978291963552691,6000
VEV_5000,40,1,0,-0.5306525284794474,0.4937349132432622,0.464858655491298,6000
VEV_5000,40,1,1,-0.2001447010168143,0.18595886830228475,0.045678830896577,5999
VEV_5000,40,1,2,-0.03070890383820256,0.03804045976167997,0.0003879555570165498,6000
VEV_5000,40,1,3,0.14741102978320017,-0.1344523284959177,-0.04635960192808859,5999
VEV_5000,40,1,4,0.6124075741749665,-0.5834902101123843,-0.49795707660905464,6000
VEV_5000,45,1,0,-0.5303070988282715,0.4934601057872022,0.464858655491298,6000
VEV_5000,45,1,1,-0.2000176769884047,0.18661283679625373,0.045571257979645396,5999
VEV_5000,45,1,2,-0.03104551765885147,0.03672957939730046,0.00033163897705885265,6000
VEV_5000,45,1,3,0.14732758079223074,-0.1347264816448708,-0.046481357767333975,5999
VEV_5000,45,1,4,0.6120932920287965,-0.5822842743344032,-0.4980237715126349,6000
VEV_5000,50,1,0,-0.5301971689739843,0.4933081159892689,0.46513058006712527,6000
VEV_5000,50,1,1,-0.1999845370292784,0.18833005922923293,0.04602919194894639,5999
VEV_5000,50,1,2,-0.03135504659519177,0.03453974475581102,0.00026710797146735354,6000
VEV_5000,50,1,3,0.14732281875575828,-0.13424750390986276,-0.0464108765345371,5999
VEV_5000,50,1,4,0.611991755059226,-0.5821382840296064,-0.49807002749867024,6000
VEV_5000,55,1,0,-0.5302715489744708,0.49273040890810355,0.46519594513756596,6000
VEV_5000,55,1,1,-0.20001120825970198,0.1885466193145159,0.04628137682993838,5999
VEV_5000,55,1,2,-0.031636110485026715,0.03630639195379354,0.00025645954474385127,6000
VEV_5000,55,1,3,0.14737660711805103,-0.13537574356272564,-0.0466623771390004,5999
VEV_5000,55,1,4,0.6120379169089302,-0.5824156965254383,-0.49807623706465165,6000
VEV_5000,60,1,0,-0.5304578074328111,0.49319496745598024,0.4652505221265528,6000
VEV_5000,60,1,1,-0.20012360377666677,0.18760419210701126,0.046080795013040216,5999
VEV_5000,60,1,2,-0.03186096282911694,0.03637137899390988,0.0002627929975460505,6000
VEV_5000,60,1,3,0.14745546524725583,-0.1359308115822336,-0.046749610506594805,5999
VEV_5000,60,1,4,0.6121922425015505,-0.5814479964689566,-0.4979919871016135,6000
VEV_5000,65,1,0,-0.5307361049563063,0.4915885137721874,0.46491888634773204,6000
VEV_5000,65,1,1,-0.20029995395414946,0.18795928814671073,0.046184981541046,5999
VEV_5000,65,1,2,-0.03204324657531112,0.03749123183789364,0.0002612355069687086,6000
VEV_5000,65,1,3,0.1475483893918411,-0.13604834348501713,-0.0467252073576675,5999
VEV_5000,65,1,4,0.6124388971520981,-0.5811989201720406,-0.4979670368261394,6000
VEV_5000,15,2,0,-0.5444668206113297,0.4740498983263427,0.4552218871299374,6000
VEV_5000,15,2,1,-0.20439682595926614,0.18760943010016257,0.0651183546806351,5999
VEV_5000,15,2,2,-0.028761135925410835,0.043609031338941076,0.0009036124365593423,5999
VEV_5000,15,2,3,0.1523332957469576,-0.1389514752129153,-0.0711931157502477,5999
VEV_5000,15,2,4,0.6247289988942064,-0.5665658877441976,-0.48261479380926176,6000
VEV_5000,20,2,0,-0.5377804306660983,0.480495515767276,0.45819523990985545,6000
VEV_5000,20,2,1,-0.20302874230062454,0.18659505155317527,0.06422895223204249,5999
VEV_5000,20,2,2,-0.029256385802960635,0.04438071498667005,0.0008335511611221869,5999
VEV_5000,20,2,3,0.15021469461543108,-0.13873346278276177,-0.070606741292977,5999
VEV_5000,20,2,4,0.6191120457117824,-0.572986826829771,-0.49391096514136734,6000
VEV_5000,25,2,0,-0.5343635055405536,0.4827458398809044,0.45895842382060437,6000
VEV_5000,25,2,1,-0.2018315112134701,0.18770606699637704,0.06556112705766282,5999
VEV_5000,25,2,2,-0.029656692112954873,0.04588954957557928,0.0008168614085660997,5999
VEV_5000,25,2,3,0.14886618245225278,-0.1406483698458392,-0.07175078708223742,5999
VEV_5000,25,2,4,0.6160473156986656,-0.5759419764219381,-0.4960238012336049,6000
VEV_5000,30,2,0,-0.5324784125736245,0.4858245638874835,0.45972525840988965,6000
VEV_5000,30,2,1,-0.20095028556040515,0.18740752928305202,0.06537193562871821,5999
VEV_5000,30,2,2,-0.02998542436649605,0.045550354723110614,0.0007370733083007994,5999
VEV_5000,30,2,3,0.14805654591079198,-0.14257072437680648,-0.07180739086561516,5999
VEV_5000,30,2,4,0.6141993511688342,-0.5764610400129391,-0.495965906751735,6000
VEV_5000,35,2,0,-0.5313324093458472,0.48773298020632017,0.4609920494835933,6000
VEV_5000,35,2,1,-0.20041610852595518,0.1847925461852225,0.06445197296216071,5999
VEV_5000,35,2,2,-0.030322720403236428,0.04814004603413108,0.0008113243084152955,5999
VEV_5000,35,2,3,0.1476239551020267,-0.14216994066388133,-0.07284806227471574,5999
VEV_5000,35,2,4,0.6130515349615612,-0.5787448856759041,-0.4968032495003172,6000
VEV_5000,40,2,0,-0.5306525284794474,0.4883650039284271,0.46113311598173823,6000
VEV_5000,40,2,1,-0.20011897850154559,0.18769811773795475,0.0657818744348333,5999
VEV_5000,40,2,2,-0.03069512239175595,0.04453016956500393,0.0007135248197300999,5999
VEV_5000,40,2,3,0.14741102978320017,-0.1395760499074045,-0.07175078708223742,5999
VEV_5000,40,2,4,0.6124075741749665,-0.5812661803071196,-0.49710644798324205,6000
VEV_5000,45,2,0,-0.5303070988282715,0.4876470945771825,0.46131194573399614,6000
VEV_5000,45,2,1,-0.19999469847222542,0.18857718185698302,0.0654809733714501,5999
VEV_5000,45,2,2,-0.03103189493649637,0.04324525448737358,0.0006358142763929209,5999
VEV_5000,45,2,3,0.14732758079223074,-0.13937072951097781,-0.07180739086561516,5999
VEV_5000,45,2,4,0.6120932920287965,-0.58034777381546,-0.49713029021495453,6000
VEV_5000,50,2,0,-0.5301971689739843,0.489890280526606,0.4619229190552686,6000
VEV_5000,50,2,1,-0.19996427768511835,0.1862851135376782,0.06461054577084724,5999
VEV_5000,50,2,2,-0.03134146548343758,0.042876800369356254,0.0006772747601644924,5999
VEV_5000,50,2,3,0.14732281875575828,-0.13766009038735932,-0.0726969963916416,5999
VEV_5000,50,2,4,0.611991755059226,-0.5816412347650655,-0.49735650888760563,6000
VEV_5000,55,2,0,-0.5302715489744708,0.4879184006349666,0.46131194573399614,6000
VEV_5000,55,2,1,-0.19999356512573185,0.18756063896913955,0.06537193562871821,5999
VEV_5000,55,2,2,-0.03162251594919477,0.04507599984437813,0.0006465784899774007,5999
VEV_5000,55,2,3,0.14737660711805103,-0.13922609712402143,-0.0735646230887141,5999
VEV_5000,55,2,4,0.6120379169089302,-0.5815777549235522,-0.49725247809737994,6000
VEV_5000,60,2,0,-0.5304578074328111,0.4880390937984835,0.461269001546043,6000
VEV_5000,60,2,1,-0.20010836816434266,0.18668796052707698,0.0647502016399813,5999
VEV_5000,60,2,2,-0.031847397213574165,0.04583742140577729,0.0006908032837599776,5999
VEV_5000,60,2,3,0.14745546524725583,-0.13977168273690235,-0.0750130288861328,5999
VEV_5000,60,2,4,0.6121922425015505,-0.5810417150672736,-0.49735650888760563,6000
VEV_5000,65,2,0,-0.5307361049563063,0.4865801176465873,0.46120371006327326,6000
VEV_5000,65,2,1,-0.20028699053448223,0.18815379997125375,0.0648416999156324,5999
VEV_5000,65,2,2,-0.032029682741494314,0.046769402018554736,0.0007135248197300999,5999
VEV_5000,65,2,3,0.1475483893918411,-0.14070364595408832,-0.0748472930708885,5999
VEV_5000,65,2,4,0.6124388971520981,-0.5810483514456725,-0.49735650888760563,6000
VEV_5000,15,3,0,-0.544457165835101,0.47922099691275877,0.4464218698944933,6000
VEV_5000,15,3,1,-0.20436411156176007,0.1827081478847124,0.0756371621009748,5999
VEV_5000,15,3,2,-0.028733496464790752,0.04592022489204084,0.0017672246485745044,5999
VEV_5000,15,3,3,0.15236773501160303,-0.14155960550418137,-0.0815586201260885,5999
VEV_5000,15,3,4,0.6247895557909835,-0.5667625038535404,-0.4809817435634613,5999
VEV_5000,20,3,0,-0.5377726057523142,0.48742449700037893,0.4519470560940134,6000
VEV_5000,20,3,1,-0.20299677010963418,0.18246962977598252,0.0757051748623781,5999
VEV_5000,20,3,2,-0.02922873549929888,0.04381634654317605,0.0015935350020298972,5999
VEV_5000,20,3,3,0.15024875998161727,-0.14236506978816005,-0.08326353462325642,5999
VEV_5000,20,3,4,0.6191721199344737,-0.5718195106775149,-0.4896628579544995,5999
VEV_5000,25,3,0,-0.5343586973861365,0.4904307670900621,0.45345947405940024,6000
VEV_5000,25,3,1,-0.2017999263623413,0.1845531218352044,0.0764467340895863,5999
VEV_5000,25,3,2,-0.02962920511529893,0.04181975454579027,0.0016371587762478157,5999
VEV_5000,25,3,3,0.148899999487958,-0.14154766983086098,-0.083346633245128,5999
VEV_5000,25,3,4,0.6161073158059525,-0.5757305819148696,-0.4950042656155346,5999
VEV_5000,30,3,0,-0.5324769775723409,0.4926562264232731,0.45518378673068605,6000
VEV_5000,30,3,1,-0.20091905819146919,0.18675713641149688,0.0764790605271628,5999
VEV_5000,30,3,2,-0.029957945266023755,0.03914083416836273,0.0013428602678686036,5999
VEV_5000,30,3,3,0.14809035265295772,-0.1430487505226819,-0.0836216533643892,5999
VEV_5000,30,3,4,0.6142591526179224,-0.5759804257268422,-0.4955276998089175,5999
VEV_5000,35,3,0,-0.5313324093458472,0.49543108587130275,0.45607675370592915,6000
VEV_5000,35,3,1,-0.20038717412733387,0.185627259936991,0.07633281165271907,5999
VEV_5000,35,3,2,-0.030295225659003264,0.040379266969258996,0.0014082967818467998,5999
VEV_5000,35,3,3,0.14765781397402167,-0.14404637403522877,-0.08603791499172081,5999
VEV_5000,35,3,4,0.6131112058314926,-0.5778666805423822,-0.4963117758970838,5999
VEV_5000,40,3,0,-0.5306525284794474,0.495816874522362,0.4564281344232768,6000
VEV_5000,40,3,1,-0.20009354525131653,0.18653414200410917,0.07701276351417619,5999
VEV_5000,40,3,2,-0.030667804304519836,0.03768189898053709,0.001309203738856013,5999
VEV_5000,40,3,3,0.14744517947291538,-0.14259154109343575,-0.08449718665451655,5999
VEV_5000,40,3,4,0.6124670916874415,-0.5779168805224574,-0.4965745313620573,5999
VEV_5000,45,3,0,-0.5303070988282715,0.4958872565116641,0.45676494444069243,6000
VEV_5000,45,3,1,-0.19997237513164015,0.18626255901413155,0.07750464408036359,5999
VEV_5000,45,3,2,-0.031004674154368885,0.03778291884661032,0.0010643478581187013,5999
VEV_5000,45,3,3,0.14736163855196438,-0.14210609607495647,-0.08501434362642599,5999
VEV_5000,45,3,4,0.6121528345423143,-0.5783021561386213,-0.4969417907723254,5999
VEV_5000,50,3,0,-0.5301971689739843,0.49509507709501727,0.45621798863976437,6000
VEV_5000,50,3,1,-0.1999449724582568,0.18828165931160873,0.07750464408036359,5999
VEV_5000,50,3,2,-0.03131411342312943,0.038077256659264654,0.001219124186718601,5999
VEV_5000,50,3,3,0.14735685856981753,-0.1446735906127161,-0.0870898691837283,5999
VEV_5000,50,3,4,0.6120511832683933,-0.577255788242435,-0.49717484798566136,5999
VEV_5000,55,3,0,-0.5302715489744708,0.4947386075974086,0.4569532820291896,6000
VEV_5000,55,3,1,-0.19997711235771182,0.1885571705913947,0.07691725310451142,5999
VEV_5000,55,3,2,-0.03159511458018904,0.03941870998103439,0.001294872011385395,5999
VEV_5000,55,3,3,0.14741061855748355,-0.14462374617992044,-0.0880508639002074,5999
VEV_5000,55,3,4,0.6120973953598536,-0.5785660683576912,-0.49739335081085295,5999
VEV_5000,60,3,0,-0.5304578074328111,0.4940722165869724,0.45726217900300975,6000
VEV_5000,60,3,1,-0.20009450220534727,0.1898067006368595,0.07599558177207649,5999
VEV_5000,60,3,2,-0.03182011068417665,0.03992236548973358,0.0012850194270868087,5999
VEV_5000,60,3,3,0.14748970770065786,-0.1478251939021809,-0.08921915118298779,5999
VEV_5000,60,3,4,0.6122516301285141,-0.5764513040954762,-0.4970633641733002,5999
VEV_5000,65,3,0,-0.5307361049563063,0.49320045040134,0.4562041456956649,6000
VEV_5000,65,3,1,-0.2002755552366175,0.1895818049951848,0.07599558177207649,5999
VEV_5000,65,3,2,-0.03200233976925658,0.040539247201194326,0.001220345880938195,5999
VEV_5000,65,3,3,0.14758257263088667,-0.14771179262115727,-0.08922848239217279,5999
VEV_5000,65,3,4,0.6124983617807218,-0.5760847799420693,-0.4970210918691008,5999
VEV_5000,15,4,0,-0.5444732377033485,0.48106740054008845,0.43403116891749965,5999
VEV_5000,15,4,1,-0.20436411156176007,0.18258974206862968,0.08141232464276979,5999
VEV_5000,15,4,2,-0.028733496464790752,0.043727845657380214,0.001847946861744297,5999
VEV_5000,15,4,3,0.15236773501160303,-0.13276019464277222,-0.08985004446003589,5999
VEV_5000,15,4,4,0.6247895557909835,-0.5750672451240362,-0.4850968207565528,5999
VEV_5000,20,4,0,-0.5377927631512115,0.48767689815236176,0.4391536927123525,5999
VEV_5000,20,4,1,-0.20299677010963418,0.18135660803203263,0.0806989942038853,5999
VEV_5000,20,4,2,-0.02922873549929888,0.043313199724042496,0.002214320375060197,5999
VEV_5000,20,4,3,0.15024875998161727,-0.13330645694287085,-0.0900921715783625,5999
VEV_5000,20,4,4,0.6191721199344737,-0.579482700466276,-0.4923573984788162,5999
VEV_5000,25,4,0,-0.5343833255059659,0.48701284022822106,0.4385591068366921,5999
VEV_5000,25,4,1,-0.2017999263623413,0.18287828627686686,0.0820934827597739,5999
VEV_5000,25,4,2,-0.02962920511529893,0.045727679855988586,0.0023769164035912227,5999
VEV_5000,25,4,3,0.148899999487958,-0.13382126424318191,-0.09052339367553938,5999
VEV_5000,25,4,4,0.6161073158059525,-0.5822399936186046,-0.4942878453439335,5999
VEV_5000,30,4,0,-0.53250603778382,0.4901181329694494,0.4403041634204782,5999
VEV_5000,30,4,1,-0.20091905819146919,0.18374571497606018,0.0823274203394248,5999
VEV_5000,30,4,2,-0.029957945266023755,0.04478207198527824,0.0020029865918332057,5999
VEV_5000,30,4,3,0.14809035265295772,-0.1366546706665752,-0.0914889286823382,5999
VEV_5000,30,4,4,0.6142591526179224,-0.5824337007649226,-0.4942411871406873,5999
VEV_5000,35,4,0,-0.531365656612655,0.4923903409757635,0.4432494691618557,5999
VEV_5000,35,4,1,-0.20038717412733387,0.18338151107338738,0.08258320277400338,5999
VEV_5000,35,4,2,-0.030295225659003264,0.04541503968574525,0.002142889201422804,5999
VEV_5000,35,4,3,0.14765781397402167,-0.13650815624901905,-0.0923929092086836,5999
VEV_5000,35,4,4,0.6131112058314926,-0.5851211869865871,-0.49499640687645297,5999
VEV_5000,40,4,0,-0.5306896655033541,0.49289859383949414,0.44540039584990154,5999
VEV_5000,40,4,1,-0.20009354525131653,0.18334236270722318,0.08210225242237357,5999
VEV_5000,40,4,2,-0.030667804304519836,0.046534008822958314,0.0021111556052346714,5999
VEV_5000,40,4,3,0.14744517947291538,-0.1389804499718403,-0.09254084650092412,5999
VEV_5000,40,4,4,0.6124670916874415,-0.5842369668985453,-0.49482260661898203,5999
VEV_5000,45,4,0,-0.5303458010938469,0.49322431258371635,0.446419709967813,5999
VEV_5000,45,4,1,-0.19997440498462477,0.1831735015154966,0.08219995965373528,5999
VEV_5000,45,4,2,-0.031004674154368885,0.045769884434862754,0.001647349259656039,5999
VEV_5000,45,4,3,0.14736163855196438,-0.13917428888384803,-0.09277638969706449,5999
VEV_5000,45,4,4,0.6121528345423143,-0.5834358611509377,-0.49482260661898203,5999
VEV_5000,50,4,0,-0.5302359459121537,0.49311026914338907,0.44577080699764327,5999
VEV_5000,50,4,1,-0.19995024548896448,0.1833877408380593,0.082257407416364,5999
VEV_5000,50,4,2,-0.03131411342312943,0.046239639075092966,0.0019157722008457945,5999
VEV_5000,50,4,3,0.14735685856981753,-0.14146687436072847,-0.09404641796754731,5999
VEV_5000,50,4,4,0.6120511832683933,-0.5817132261965229,-0.49464043662555923,5999
VEV_5000,55,4,0,-0.5303103863802878,0.49351406151420174,0.44540039584990154,5999
VEV_5000,55,4,1,-0.19998539056226242,0.18163709843822914,0.08156886210508668,5999
VEV_5000,55,4,2,-0.03159511458018904,0.04704980225137978,0.002064465841613,5999
VEV_5000,55,4,3,0.14741061855748355,-0.14014361125267558,-0.0946884425820827,5999
VEV_5000,55,4,4,0.6120973953598536,-0.5824998024518451,-0.49520138448224305,5999
VEV_5000,60,4,0,-0.530496685421721,0.4950588288673058,0.4474387421996652,5999
VEV_5000,60,4,1,-0.20010557069259252,0.17956317937367533,0.0806989942038853,5999
VEV_5000,60,4,2,-0.03182011068417665,0.04727470866743254,0.0020718111409223083,5999
VEV_5000,60,4,3,0.14748970770065786,-0.13906499247054896,-0.0954412247974688,5999
VEV_5000,60,4,4,0.6122516301285141,-0.5832741759385748,-0.4956171990306756,5999
VEV_5000,65,4,0,-0.5307750264431798,0.494846924846787,0.4475053623918939,5999
VEV_5000,65,4,1,-0.2002891976470256,0.17944292007140464,0.07993726168388093,5999
VEV_5000,65,4,2,-0.03200233976925658,0.048237618914040346,0.0023668600215388524,5999
VEV_5000,65,4,3,0.14758257263088667,-0.13987870059010324,-0.0956548836029469,5999
VEV_5000,65,4,4,0.6124983617807218,-0.5830912147428388,-0.495355360179019,5999
VEV_5000,15,5,0,-0.5444732377033485,0.4673966415150758,0.4248153048692984,5999
VEV_5000,15,5,1,-0.20436411156176007,0.1810799037984566,0.0921475023551466,5999
VEV_5000,15,5,2,-0.028747431196865608,0.04357987793077183,0.0019762426377383027,5998
VEV_5000,15,5,3,0.1523332957469576,-0.12104398513867852,-0.09111838732496838,5999
VEV_5000,15,5,4,0.6247329206117207,-0.5714886412394391,-0.4846090606006328,5999
VEV_5000,20,5,0,-0.5377927631512115,0.4752244183902311,0.4285202747951188,5999
VEV_5000,20,5,1,-0.20299677010963418,0.18178677365485485,0.09382142763752202,5999
VEV_5000,20,5,2,-0.029242673043069194,0.03855719931181915,0.001466690981942501,5998
VEV_5000,20,5,3,0.15021469461543108,-0.11926986670772632,-0.0923541347247009,5999
VEV_5000,20,5,4,0.6191125805726869,-0.5767755650356373,-0.4935634611219938,5999
VEV_5000,25,5,0,-0.5343833255059659,0.4797195119232275,0.43153488078223745,5999
VEV_5000,25,5,1,-0.2017999263623413,0.18102936157474556,0.09480882438128901,5999
VEV_5000,25,5,2,-0.0296430209672503,0.03921720477415861,0.001525141124147894,5998
VEV_5000,25,5,3,0.14886618245225278,-0.123746227858604,-0.09653054823138518,5999
VEV_5000,25,5,4,0.6160439169593593,-0.5766967807807394,-0.495206501773282,5999
VEV_5000,30,5,0,-0.53250603778382,0.48195553185398127,0.4333350517099461,5999
VEV_5000,30,5,1,-0.20091905819146919,0.18093991136555546,0.0933391531771122,5999
VEV_5000,30,5,2,-0.029971716816057446,0.038572959233322844,0.001413882899669254,5998
VEV_5000,30,5,3,0.14805654591079198,-0.12350362995177137,-0.0969222978847028,5999
VEV_5000,30,5,4,0.6141919783607177,-0.5784418102604553,-0.4963089459506591,5999
VEV_5000,35,5,0,-0.531365656612655,0.48298946598281745,0.4338872895887107,5999
VEV_5000,35,5,1,-0.20038717412733387,0.1817236244214197,0.09277944804307478,5999
VEV_5000,35,5,2,-0.030308940537096644,0.03936823646113712,0.001357937019747582,5998
VEV_5000,35,5,3,0.1476239551020267,-0.1262580083948443,-0.09791096949265919,5999
VEV_5000,35,5,4,0.6130403767822142,-0.5783002236615977,-0.4958388772774922,5999
VEV_5000,40,5,0,-0.5306896655033541,0.484934090631356,0.4352125132372749,5999
VEV_5000,40,5,1,-0.20009354525131653,0.18056256507306653,0.09131838092798716,5999
VEV_5000,40,5,2,-0.030681336453993062,0.03897905723856018,0.001357937019747582,5998
VEV_5000,40,5,3,0.14741102978320017,-0.12745995585304326,-0.09775223354790791,5999
VEV_5000,40,5,4,0.6123929076143367,-0.5774927271550233,-0.495677672632155,5999
VEV_5000,45,5,0,-0.5303458010938469,0.4836161623150613,0.4350681006353627,5999
VEV_5000,45,5,1,-0.19997440498462477,0.18215307159144595,0.0920205977708974,5999
VEV_5000,45,5,2,-0.03101827700981195,0.03892994321900716,0.0012872052443526003,5998
VEV_5000,45,5,3,0.14732758079223074,-0.12742534628715976,-0.09775223354790791,5999
VEV_5000,45,5,4,0.6120754015537829,-0.577750809090473,-0.49613675773798604,5999
VEV_5000,50,5,0,-0.5302359459121537,0.4835482387362977,0.4350681006353627,5999
VEV_5000,50,5,1,-0.19995024548896448,0.1818642335506818,0.09076258264121861,5999
VEV_5000,50,5,2,-0.03132788321258369,0.03929927864282126,0.0013377540617511494,5998
VEV_5000,50,5,3,0.14732281875575828,-0.1269171830594645,-0.09768729309325858,5999
VEV_5000,50,5,4,0.6119709073585229,-0.5782714845562895,-0.49647560054017953,5999
VEV_5000,55,5,0,-0.5303103863802878,0.4843175301105298,0.43511422087613016,5999
VEV_5000,55,5,1,-0.19998539056226242,0.1810978274802456,0.09004124013972592,5999
VEV_5000,55,5,2,-0.031608917044217685,0.03999083177712642,0.0013842836478943459,5998
VEV_5000,55,5,3,0.14737660711805103,-0.12681854441084506,-0.09718896927279269,5999
VEV_5000,55,5,4,0.6120143567041594,-0.5790644463649414,-0.49644863519642973,5999
VEV_5000,60,5,0,-0.530496685421721,0.4846114858915693,0.4355184875712439,5999
VEV_5000,60,5,1,-0.20010557069259252,0.18129672440261407,0.0898628936038221,5999
VEV_5000,60,5,2,-0.031833836176185994,0.04029458516924311,0.0014644103703176517,5998
VEV_5000,60,5,3,0.14745546524725583,-0.12877750851631353,-0.09745821167780377,5999
VEV_5000,60,5,4,0.612166193390818,-0.5779020377209932,-0.49613675773798604,5999
VEV_5000,65,5,0,-0.5307750264431798,0.4843120177442534,0.434919433631876,5999
VEV_5000,65,5,1,-0.2002891976470256,0.18285538063748016,0.08994049172724772,5999
VEV_5000,65,5,2,-0.032016118975454214,0.03928274493164093,0.0014702894013680487,5998
VEV_5000,65,5,3,0.1475483893918411,-0.13104960857209766,-0.09808373812211349,5999
VEV_5000,65,5,4,0.6124105659024357,-0.575877454183308,-0.4961016995521277,5999
VEV_5100,15,1,0,-0.4797626840758157,0.41594455998440194,0.37724668907458186,6000
VEV_5100,15,1,1,-0.18541943163371047,0.16827790107386256,0.12413118461427086,5999
VEV_5100,15,1,2,-0.02367897704806869,0.02909390440466503,0.0004162534496572612,6000
VEV_5100,15,1,3,0.138865794986189,-0.11013893813481022,-0.10445817426261783,5999
VEV_5100,15,1,4,0.5485097017208336,-0.5033792182738499,-0.41978955437116383,6000
VEV_5100,20,1,0,-0.47483623754158377,0.419367576963074,0.38305428106241374,6000
VEV_5100,20,1,1,-0.18399968872170075,0.17142797848535024,0.1277182181011085,5999
VEV_5100,20,1,2,-0.023679695896208178,0.023640240238386696,0.0003300250400570387,6000
VEV_5100,20,1,3,0.13679418193305068,-0.10650715625052981,-0.1036400150260306,5999
VEV_5100,20,1,4,0.5438026014974496,-0.5081293000721291,-0.42135496043601955,6000
VEV_5100,25,1,0,-0.47220977948664183,0.42152939172680287,0.383548192968874,6000
VEV_5100,25,1,1,-0.18328008005346536,0.17241444826253152,0.134522916709102,5999
VEV_5100,25,1,2,-0.02371506176062781,0.024173684783644147,0.00035424408906692406,6000
VEV_5100,25,1,3,0.1357805910820067,-0.10773504746783956,-0.10403931479231687,5999
VEV_5100,25,1,4,0.5410648557470072,-0.5105831781778937,-0.4222838360672085,6000
VEV_5100,30,1,0,-0.47068612561437384,0.4229199207149737,0.3859103591587427,6000
VEV_5100,30,1,1,-0.18293201507242712,0.17241251038517294,0.137324824308962,5999
VEV_5100,30,1,2,-0.02379828426256736,0.024658561716095543,0.00032391880995416567,6000
VEV_5100,30,1,3,0.13521201047472495,-0.10855908219003066,-0.103787093541996,5999
VEV_5100,30,1,4,0.5393985674581049,-0.5116327491610662,-0.42242577388583413,6000
VEV_5100,35,1,0,-0.46978084417897964,0.42363701900062034,0.38648279705330424,6000
VEV_5100,35,1,1,-0.18284283523048708,0.17463975395299589,0.13785938665387232,5999
VEV_5100,35,1,2,-0.023898825878629477,0.022576839721573226,0.0003301335609648473,6000
VEV_5100,35,1,3,0.13490515533715938,-0.10941199060036945,-0.10498241089226219,5999
VEV_5100,35,1,4,0.5383614313159245,-0.511642231553815,-0.4221736949107253,6000
VEV_5100,40,1,0,-0.4692985906286343,0.42475930075208235,0.3873001361057504,6000
VEV_5100,40,1,1,-0.1828982004513279,0.1764949711208152,0.140439826014699,5999
VEV_5100,40,1,2,-0.023966599438319226,0.01735147155586181,0.00023014157204667533,6000
VEV_5100,40,1,3,0.1346966365147832,-0.10708802333353072,-0.10445310676868759,5999
VEV_5100,40,1,4,0.5377586956028925,-0.5117176330434846,-0.42210598747806216,6000
VEV_5100,45,1,0,-0.46908764366316297,0.42594268851340994,0.3887785478430033,6000
VEV_5100,45,1,1,-0.18305608786432803,0.1754026473706848,0.1381375570517775,5999
VEV_5100,45,1,2,-0.024018318256337382,0.01795478407294339,0.0002464085523570386,6000
VEV_5100,45,1,3,0.13455105450563412,-0.10929898272283312,-0.10548757992410168,5999
VEV_5100,45,1,4,0.5374499331537422,-0.5102016007296508,-0.4215609432062592,6000
VEV_5100,50,1,0,-0.46907682252473903,0.4268926939724104,0.38972278820824613,6000
VEV_5100,50,1,1,-0.18325071355952444,0.17614524762371636,0.1381375570517775,5999
VEV_5100,50,1,2,-0.024106226737486993,0.0171680399106956,0.00024093236152113173,6000
VEV_5100,50,1,3,0.13445987782293897,-0.11192773496952162,-0.10665581982675579,5999
VEV_5100,50,1,4,0.5373598482174508,-0.5084790243914122,-0.42123923672488683,6000
VEV_5100,55,1,0,-0.4692285118566262,0.42632619665172333,0.3882041138301701,6000
VEV_5100,55,1,1,-0.18346950962112094,0.1765964241227204,0.138884130430597,5999
VEV_5100,55,1,2,-0.024205078356710458,0.016793432864129047,0.0002264924205519353,6000
VEV_5100,55,1,3,0.13440462800419412,-0.11121857298940738,-0.10684834267522092,5999
VEV_5100,55,1,4,0.5374321649506041,-0.5086980651135303,-0.42135496043601955,6000
VEV_5100,60,1,0,-0.46947545278164815,0.4264262524849,0.3888234358785212,6000
VEV_5100,60,1,1,-0.18373258568526332,0.1761016989295457,0.13939266192937788,5999
VEV_5100,60,1,2,-0.02429884785198101,0.016447408437878643,0.00021079962266411234,6000
VEV_5100,60,1,3,0.1343674868101804,-0.11149188519431857,-0.1070267027130285,5999
VEV_5100,60,1,4,0.537622070429745,-0.5076841871286037,-0.42100455156287353,6000
VEV_5100,65,1,0,-0.46980582426070644,0.4262970280401677,0.3887785478430033,6000
VEV_5100,65,1,1,-0.18401137127749786,0.1756531465425203,0.1385436466507599,5999
VEV_5100,65,1,2,-0.024395970936285684,0.015378037026671712,0.00017591946880202158,6000
VEV_5100,65,1,3,0.13436531873144747,-0.11018144082546097,-0.10561686906157777,5999
VEV_5100,65,1,4,0.5378812245000063,-0.5073473396058331,-0.42049580892762606,6000
VEV_5100,15,2,0,-0.4797626840758157,0.422108291250519,0.3689250583634021,6000
VEV_5100,15,2,1,-0.18541943163371047,0.17182104826691938,0.15459672582801431,5999
VEV_5100,15,2,2,-0.023686271984577855,0.029574977961471533,0.000776034329191988,5999
VEV_5100,15,2,3,0.138865794986189,-0.11907880589362788,-0.14216161744116107,5999
VEV_5100,15,2,4,0.5485097017208336,-0.5048216551904886,-0.421106227347991,6000
VEV_5100,20,2,0,-0.47483623754158377,0.4277045867722369,0.37902355351570804,6000
VEV_5100,20,2,1,-0.18399968872170075,0.17424243772737338,0.1544118738347606,5999
VEV_5100,20,2,2,-0.02368386031798433,0.026233331897104438,0.0007836754157323766,5999
VEV_5100,20,2,3,0.13679418193305068,-0.12079519094419312,-0.1447849856895117,5999
VEV_5100,20,2,4,0.5438026014974496,-0.5077817484980038,-0.4226043587063941,6000
VEV_5100,25,2,0,-0.47220977948664183,0.42847229217185473,0.380478577475742,6000
VEV_5100,25,2,1,-0.18328008005346536,0.17668358396135214,0.1561618799714779,5999
VEV_5100,25,2,2,-0.02371802703708895,0.02676198443341808,0.0009306002330049523,5999
VEV_5100,25,2,3,0.1357805910820067,-0.1214321342387388,-0.146470036795108,5999
VEV_5100,25,2,4,0.5410648557470072,-0.5108819205641224,-0.4241760410309324,6000
VEV_5100,30,2,0,-0.47068612561437384,0.429824535765091,0.3805974384320052,6000
VEV_5100,30,2,1,-0.18293201507242712,0.17766588225045968,0.157470201104843,5999
VEV_5100,30,2,2,-0.0238008704544521,0.024368691056195373,0.00075606544851331,5999
VEV_5100,30,2,3,0.13521201047472495,-0.12222687564841335,-0.1456637260307616,5999
VEV_5100,30,2,4,0.5393985674581049,-0.5100287952823186,-0.4234694476613185,6000
VEV_5100,35,2,0,-0.46978084417897964,0.43077906421676593,0.38149026136397873,6000
VEV_5100,35,2,1,-0.18284283523048708,0.17688345205485892,0.15650423305032746,5999
VEV_5100,35,2,2,-0.023901369105306547,0.026600242354909123,0.0008250196706285351,5999
VEV_5100,35,2,3,0.13490515533715938,-0.12486544631942322,-0.1479711793845127,5999
VEV_5100,35,2,4,0.5383614313159245,-0.5097940724076913,-0.42329424009540156,6000
VEV_5100,40,2,0,-0.4692985906286343,0.43176027513452525,0.38326883294098474,6000
VEV_5100,40,2,1,-0.1828982004513279,0.17659310112968443,0.15650423305032746,5999
VEV_5100,40,2,2,-0.02396921523311562,0.024622317653183998,0.0007228087051772136,5999
VEV_5100,40,2,3,0.1346966365147832,-0.1225917945509429,-0.1462353489523594,5999
VEV_5100,40,2,4,0.5377586956028925,-0.5107806585710077,-0.42329424009540156,6000
VEV_5100,45,2,0,-0.46908764366316297,0.43391607425050854,0.38691665202895814,6000
VEV_5100,45,2,1,-0.18305608786432803,0.17454821416775249,0.15564733851897466,5999
VEV_5100,45,2,2,-0.024021028995307354,0.02539324511760087,0.0007572177291876869,5999
VEV_5100,45,2,3,0.13455105450563412,-0.12381314448559744,-0.1467190152479816,5999
VEV_5100,45,2,4,0.5374499331537422,-0.5104415641397267,-0.4234694476613185,6000
VEV_5100,50,2,0,-0.46907682252473903,0.43338700899447197,0.38592618270854473,6000
VEV_5100,50,2,1,-0.18325071355952444,0.17556715741239737,0.1561618799714779,5999
VEV_5100,50,2,2,-0.024109019769921837,0.024514438883717737,0.0007549302445113426,5999
VEV_5100,50,2,3,0.13445987782293897,-0.12410884199151549,-0.1462353489523594,5999
VEV_5100,50,2,4,0.5373598482174508,-0.5097569643152831,-0.42329424009540156,6000
VEV_5100,55,2,0,-0.4692285118566262,0.4340434374858237,0.3853374118891678,6000
VEV_5100,55,2,1,-0.18346950962112094,0.17481789035322431,0.15625588890907244,5999
VEV_5100,55,2,2,-0.024207916954386906,0.02493985269409801,0.000701384870808397,5999
VEV_5100,55,2,3,0.13440462800419412,-0.12551817758815953,-0.14648563369746626,5999
VEV_5100,55,2,4,0.5374321649506041,-0.5086804928260056,-0.42229328230359897,6000
VEV_5100,60,2,0,-0.46947545278164815,0.43439214066369314,0.3847456399839757,6000
VEV_5100,60,2,1,-0.18373258568526332,0.17534162417718244,0.1569004698058052,5999
VEV_5100,60,2,2,-0.02430168378110128,0.024355543448899328,0.000702688790624989,5999
VEV_5100,60,2,3,0.1343674868101804,-0.1263706044540396,-0.14688624226073443,5999
VEV_5100,60,2,4,0.537622070429745,-0.5081163458838022,-0.42190432493316615,6000
VEV_5100,65,2,0,-0.46980582426070644,0.43331402149248593,0.38507356098557466,6000
VEV_5100,65,2,1,-0.18401137127749786,0.17606878749722676,0.1565164213097887,5999
VEV_5100,65,2,2,-0.02439875370540243,0.024262090603102443,0.0006729750066369888,5999
VEV_5100,65,2,3,0.13436531873144747,-0.1263093874048514,-0.14605059088717098,5999
VEV_5100,65,2,4,0.5378812245000063,-0.5077330384147767,-0.42314098026417923,6000
VEV_5100,15,3,0,-0.47973229803125395,0.43011760173544356,0.36710069961623054,6000
VEV_5100,15,3,1,-0.18538994545127277,0.16873181469490242,0.1574059459908312,5999
VEV_5100,15,3,2,-0.02366035760716601,0.024701780393013205,0.0011124936800115393,5999
VEV_5100,15,3,3,0.13889601709451604,-0.1254270158994962,-0.1580113970740057,5999
VEV_5100,15,3,4,0.5485618537339881,-0.49887476845422724,-0.4201903842022148,5999
VEV_5100,20,3,0,-0.47480443953436163,0.43395561302117736,0.37290481701029426,6000
VEV_5100,20,3,1,-0.18397059185722422,0.1750156261756246,0.15911590962332411,5999
VEV_5100,20,3,2,-0.023658253282015238,0.019689650846297407,0.0007719629420535057,5999
VEV_5100,20,3,3,0.1368239982851298,-0.12682507235555726,-0.15962203293656782,5999
VEV_5100,20,3,4,0.543854595168011,-0.5025870449930832,-0.42160569712541474,5999
VEV_5100,25,3,0,-0.47217812181562674,0.43620715033929597,0.3772353462247793,6000
VEV_5100,25,3,1,-0.18325088029022507,0.17667148004351182,0.1617953112800023,5999
VEV_5100,25,3,2,-0.023692728187259936,0.01924387193255655,0.0007551960352430026,5999
VEV_5100,25,3,3,0.1358102504630124,-0.12914176497927,-0.16252954516585305,5999
VEV_5100,25,3,4,0.5411166600904526,-0.5037323399604082,-0.42160569712541474,5999
VEV_5100,30,3,0,-0.4706550150676013,0.4392511807820625,0.37948328474112714,6000
VEV_5100,30,3,1,-0.18290283903155632,0.17492376777569557,0.16118383531920702,5999
VEV_5100,30,3,2,-0.02377563376910593,0.018950757032903057,0.0005739940561397816,5999
VEV_5100,30,3,3,0.13524153621631163,-0.13075692551634377,-0.162735372701718,5999
VEV_5100,30,3,4,0.539450253880152,-0.5031208901216089,-0.4215096500138315,5999
VEV_5100,35,3,0,-0.469750322886459,0.4401086419324381,0.3801754400728896,6000
VEV_5100,35,3,1,-0.18281364360597402,0.17402224377000983,0.1610480439740059,5999
VEV_5100,35,3,2,-0.023876309736667652,0.02125762278637141,0.00063242407941283,5999
VEV_5100,35,3,3,0.13493464927891752,-0.13188398653639627,-0.1617691142955665,5999
VEV_5100,35,3,4,0.5384130620784232,-0.5042567749337287,-0.4238324725001803,5999
VEV_5100,40,3,0,-0.46926871397897574,0.4403771300587938,0.3802853199276797,6000
VEV_5100,40,3,1,-0.18286900645004592,0.17403903233051107,0.16191903601702512,5999
VEV_5100,40,3,2,-0.023944168674464857,0.019486295681112802,0.00059903320197921,5999
VEV_5100,40,3,3,0.13472606696796305,-0.13034712488582328,-0.1594227077425785,5999
VEV_5100,40,3,4,0.537810337700407,-0.5043076309213803,-0.4232086357433217,5999
VEV_5100,45,3,0,-0.4690582993029374,0.44042140710850586,0.3814520311682372,6000
VEV_5100,45,3,1,-0.18302689257836116,0.17339011926910558,0.161538965501677,5999
VEV_5100,45,3,2,-0.02399596453057603,0.019415719054489054,0.0005402719962148972,5999
VEV_5100,45,3,3,0.13458041735133153,-0.13046279735386856,-0.15828389828402578,5999
VEV_5100,45,3,4,0.5375015955202967,-0.5035167531957562,-0.4237784769929931,5999
VEV_5100,50,3,0,-0.46904792712488297,0.44014619008184347,0.3810479125481834,6000
VEV_5100,50,3,1,-0.18322143624505244,0.17381170673677201,0.1610812441858798,5999
VEV_5100,50,3,2,-0.0240840835743886,0.01781434321301919,0.0004325936179156997,5999
VEV_5100,50,3,3,0.13448940026841658,-0.12865407229896678,-0.15750293970540957,5999
VEV_5100,50,3,4,0.5374114279047524,-0.5038704269730415,-0.42472130746045883,5999
VEV_5100,55,3,0,-0.46919988539681035,0.4394249727784329,0.38112120464256805,6000
VEV_5100,55,3,1,-0.18344019225652466,0.17519282539229208,0.16303130722099002,5999
VEV_5100,55,3,2,-0.024183202362532658,0.01791274936821125,0.00048371895991289326,5999
VEV_5100,55,3,3,0.13443433217166295,-0.12965197912453447,-0.1580326610728662,5999
VEV_5100,55,3,4,0.5374837243171736,-0.5036307074318543,-0.42267150014595256,5999
VEV_5100,60,3,0,-0.46944699550964925,0.43990013938910055,0.3820711875673623,6000
VEV_5100,60,3,1,-0.1837032725595865,0.1747567471480997,0.16027144067084018,5999
VEV_5100,60,3,2,-0.024276991469595836,0.017501724544892756,0.00046469293556580804,5999
VEV_5100,60,3,3,0.1343971688577674,-0.1292960214705006,-0.1569560204970913,5999
VEV_5100,60,3,4,0.5376736732281187,-0.5036148078366814,-0.4227586150418574,5999
VEV_5100,65,3,0,-0.46977748611666076,0.43989939457325894,0.3832022463298017,6000
VEV_5100,65,3,1,-0.1839820258477934,0.17540405557841982,0.1595630852812064,5999
VEV_5100,65,3,2,-0.02437411038655291,0.016562500985199187,0.00041784910717979074,5999
VEV_5100,65,3,3,0.13439509279618703,-0.12969661017000408,-0.15663613689685013,5999
VEV_5100,65,3,4,0.5379327959426697,-0.5029215590678062,-0.42218999992928735,5999
VEV_5100,15,4,0,-0.4797659255835871,0.41371887091395254,0.35784419455740124,5999
VEV_5100,15,4,1,-0.18541943163371047,0.17042883748285018,0.15146062022995466,5999
VEV_5100,15,4,2,-0.02366921730358517,0.026426771384563365,0.0017688333200567286,5999
VEV_5100,15,4,3,0.13889601709451604,-0.11407534782010412,-0.1495445219161411,5999
VEV_5100,15,4,4,0.5485618537339881,-0.49737729662047514,-0.4113522508077949,5999
VEV_5100,20,4,0,-0.4748377217508041,0.41968668686136446,0.3632838743242245,5999
VEV_5100,20,4,1,-0.18399968872170075,0.16959278069807304,0.1495524711463077,5999
VEV_5100,20,4,2,-0.02366625456549711,0.027016686663121858,0.0017153284661617918,5999
VEV_5100,20,4,3,0.1368239982851298,-0.1148932029444344,-0.151038839049761,5999
VEV_5100,20,4,4,0.543854595168011,-0.5022811159373382,-0.413127229749989,5999
VEV_5100,25,4,0,-0.47221106145803016,0.4215303637086534,0.3659030214739687,5999
VEV_5100,25,4,1,-0.18328008005346536,0.17233088018103215,0.15123768343528354,5999
VEV_5100,25,4,2,-0.023700960509520416,0.025289069120723807,0.0015737415510557184,5999
VEV_5100,25,4,3,0.1358102504630124,-0.11703526988012111,-0.151383315318526,5999
VEV_5100,25,4,4,0.5411166600904526,-0.5029932077895014,-0.41426448814445377,5999
VEV_5100,30,4,0,-0.47068776050322575,0.42311104651637893,0.37154707567697187,5999
VEV_5100,30,4,1,-0.18293201507242712,0.17336153654977862,0.15114434267616159,5999
VEV_5100,30,4,2,-0.02378458946465759,0.02496235470211948,0.0017530419863760055,5999
VEV_5100,30,4,3,0.13524153621631163,-0.1180484714784535,-0.1521702759055188,5999
VEV_5100,30,4,4,0.539450253880152,-0.5042646309490366,-0.41541376854638656,5999
VEV_5100,35,4,0,-0.4697829938225228,0.42475634488608277,0.37268476806639217,5999
VEV_5100,35,4,1,-0.18284283523048708,0.17145902253245268,0.15079230172796082,5999
VEV_5100,35,4,2,-0.023885950258918664,0.02571224082574434,0.0018598990291138762,5999
VEV_5100,35,4,3,0.13493464927891752,-0.11774670963819002,-0.15239016023042495,5999
VEV_5100,35,4,4,0.5384130620784232,-0.5050590632653029,-0.4166631126181527,5999
VEV_5100,40,4,0,-0.4693012667475921,0.4244915164929457,0.3726280966684498,5999
VEV_5100,40,4,1,-0.1828982004513279,0.1726933658490439,0.1520674505973148,5999
VEV_5100,40,4,2,-0.02395453113659331,0.023650384887369993,0.001532754662548541,5999
VEV_5100,40,4,3,0.13472606696796305,-0.11784134834123673,-0.1521365799790147,5999
VEV_5100,40,4,4,0.537810337700407,-0.503872083547336,-0.4168003456306905,5999
VEV_5100,45,4,0,-0.46909079367528594,0.4234231789882936,0.3720150087647198,5999
VEV_5100,45,4,1,-0.18305608786432803,0.17438016633720316,0.1539907378528369,5999
VEV_5100,45,4,2,-0.024006915123454545,0.02381864988895235,0.0015264066678354893,5999
VEV_5100,45,4,3,0.13458041735133153,-0.11877056401014036,-0.1522454512014518,5999
VEV_5100,45,4,4,0.5375015955202967,-0.503729595863522,-0.4168695945663786,5999
VEV_5100,50,4,0,-0.46908037407175385,0.42327894146470024,0.37245310899379547,5999
VEV_5100,50,4,1,-0.18325071355952444,0.17642109010570997,0.1552389633625353,5999
VEV_5100,50,4,2,-0.024095442255957306,0.021218508692477135,0.001238968109646521,5999
VEV_5100,50,4,3,0.13448940026841658,-0.11905081651757288,-0.1522454512014518,5999
VEV_5100,50,4,4,0.5374114279047524,-0.5027458884045276,-0.4171042145571846,5999
VEV_5100,55,4,0,-0.4692323898813752,0.42416547266688953,0.37268476806639217,5999
VEV_5100,55,4,1,-0.18346950962112094,0.17526016625949292,0.1539907378528369,5999
VEV_5100,55,4,2,-0.024194819669846473,0.02072929655782361,0.0012569897653519901,5999
VEV_5100,55,4,3,0.13443433217166295,-0.11935164255370265,-0.15264643850923676,5999
VEV_5100,55,4,4,0.5374837243171736,-0.5016814575897166,-0.416780077459407,5999
VEV_5100,60,4,0,-0.4694795780496335,0.4255125718763855,0.3749046142811494,5999
VEV_5100,60,4,1,-0.18373258568526332,0.1746779610143229,0.15350697482972459,5999
VEV_5100,60,4,2,-0.024288803666324833,0.020425549955136815,0.001238968109646521,5999
VEV_5100,60,4,3,0.1343971688577674,-0.1206429712611514,-0.1538384884261177,5999
VEV_5100,60,4,4,0.5376736732281187,-0.500851276243907,-0.4156987122523787,5999
VEV_5100,65,4,0,-0.46981012297432556,0.4258192786058543,0.37508893541598815,5999
VEV_5100,65,4,1,-0.18401137127749786,0.17468088998452894,0.15412956735508487,5999
VEV_5100,65,4,2,-0.02438602477162325,0.019093700855220972,0.00116763101232209,5999
VEV_5100,65,4,3,0.13439509279618703,-0.12006261438107733,-0.1537121947885679,5999
VEV_5100,65,4,4,0.5379327959426697,-0.50040941972374,-0.4148022913850582,5999
VEV_5100,15,5,0,-0.4797659255835871,0.4293980535243574,0.3750793625981715,5999
VEV_5100,15,5,1,-0.18541187611796237,0.17045844954617256,0.15213120453609008,5999
VEV_5100,15,5,2,-0.02365630570207845,0.021997246676611966,0.0022073572017688933,5998
VEV_5100,15,5,3,0.13889601709451604,-0.12284014335828095,-0.1529483395897841,5999
VEV_5100,15,5,4,0.5485618537339881,-0.5001511269710143,-0.4206536452584259,5999
VEV_5100,20,5,0,-0.4748377217508041,0.4374545888376934,0.3834667462228935,5999
VEV_5100,20,5,1,-0.18399199654655746,0.17187292640962495,0.1533771674412492,5999
VEV_5100,20,5,2,-0.02365342927731167,0.013917904000362089,0.0012059317275543435,5998
VEV_5100,20,5,3,0.1368239982851298,-0.11986215750563584,-0.150447818315115,5999
VEV_5100,20,5,4,0.543854595168011,-0.5045221291057742,-0.4240594956381755,5999
VEV_5100,25,5,0,-0.47221106145803016,0.4413535279356583,0.38709483873753925,5999
VEV_5100,25,5,1,-0.18327314000468523,0.17182353959792704,0.155166324199854,5999
VEV_5100,25,5,2,-0.023688339157928288,0.015051594179013255,0.00123648745261562,5998
VEV_5100,25,5,3,0.1358102504630124,-0.12211603394403511,-0.15003144904858348,5999
VEV_5100,25,5,4,0.5411166600904526,-0.5072513061524333,-0.4258240268773078,5999
VEV_5100,30,5,0,-0.47068776050322575,0.44307177386372876,0.3914104600717109,5999
VEV_5100,30,5,1,-0.18292616257028635,0.17136506588328906,0.1547140875973127,5999
VEV_5100,30,5,2,-0.0237720180261601,0.01788938703215335,0.0014876990189805206,5998
VEV_5100,30,5,3,0.13524153621631163,-0.1256697930174173,-0.15381952183906838,5999
VEV_5100,30,5,4,0.539450253880152,-0.5077946391013075,-0.4271423052045974,5999
VEV_5100,35,5,0,-0.4697829938225228,0.4436322946562951,0.3936327958185757,5999
VEV_5100,35,5,1,-0.1828379256409598,0.17124158919617388,0.1553180723767582,5999
VEV_5100,35,5,2,-0.02387348762608659,0.017916285726064372,0.0014159875645418374,5998
VEV_5100,35,5,3,0.13493464927891752,-0.12610870348737893,-0.15431667346820171,5999
VEV_5100,35,5,4,0.5384130620784232,-0.5078196669468451,-0.4284041450491714,5999
VEV_5100,40,5,0,-0.4693012667475921,0.44342164327017713,0.3935565665269678,5999
VEV_5100,40,5,1,-0.18289420008160312,0.1722002739237241,0.1573056486117821,5999
VEV_5100,40,5,2,-0.02394204442265165,0.018460239676755044,0.0012394726197726483,5998
VEV_5100,40,5,3,0.13472606696796305,-0.12691405517725146,-0.1552255407341363,5999
VEV_5100,40,5,4,0.537810337700407,-0.5083062118749914,-0.4290502430985725,5999
VEV_5100,45,5,0,-0.46909079367528594,0.44416183801148007,0.39412923165036773,5999
VEV_5100,45,5,1,-0.18305281487181346,0.17166871269594883,0.15675592456773302,5999
VEV_5100,45,5,2,-0.023994415102790156,0.01788840237354514,0.00114240554080422,5998
VEV_5100,45,5,3,0.13458041735133153,-0.12656335558646858,-0.15456533635233427,5999
VEV_5100,45,5,4,0.5375015955202967,-0.5082938029981962,-0.43023223021646106,5999
VEV_5100,50,5,0,-0.46908037407175385,0.44486038036776626,0.39448143313211403,5999
VEV_5100,50,5,1,-0.18324795451825304,0.17063213343539807,0.1557209989787225,5999
VEV_5100,50,5,2,-0.024082993332804118,0.018321939089570114,0.0008938184876115043,5998
VEV_5100,50,5,3,0.13448940026841658,-0.12729995336267752,-0.1550023591880744,5999
VEV_5100,50,5,4,0.5374114279047524,-0.5076526327655836,-0.4289099782795347,5999
VEV_5100,55,5,0,-0.4692323898813752,0.444937923860512,0.3944101561946809,5999
VEV_5100,55,5,1,-0.1834670912588697,0.17013024141265057,0.1556557380872619,5999
VEV_5100,55,5,2,-0.02418245958438312,0.017722084239774723,0.0009336316900316541,5998
VEV_5100,55,5,3,0.13443433217166295,-0.12545980903871898,-0.15456533635233427,5999
VEV_5100,55,5,4,0.5374837243171736,-0.5084686737022187,-0.4284041450491714,5999
VEV_5100,60,5,0,-0.4694795780496335,0.44563333171365876,0.3944485994006755,5999
VEV_5100,60,5,1,-0.183730426854336,0.1706221136379549,0.15649246559041785,5999
VEV_5100,60,5,2,-0.024276491880138983,0.017492367421702355,0.0005866459205208785,5998
VEV_5100,60,5,3,0.1343971688577674,-0.12722090498576533,-0.1548887807321079,5999
VEV_5100,60,5,4,0.5376736732281187,-0.5076651793080695,-0.4282964480480587,5999
VEV_5100,65,5,0,-0.46981012297432556,0.44575611924454206,0.3944112465392209,5999
VEV_5100,65,5,1,-0.1840093662454307,0.1695523550852836,0.1553180723767582,5999
VEV_5100,65,5,2,-0.02437376073037327,0.0176126978769978,0.0006571122746663605,5998
VEV_5100,65,5,3,0.13439509279618703,-0.1263109651069321,-0.15406882026854873,5999
VEV_5100,65,5,4,0.5379327959426697,-0.5077484585619912,-0.4271423052045974,5999
VEV_5200,15,1,0,-0.4521682731472608,0.39698002022428325,0.3637542801939163,6000
VEV_5200,15,1,1,-0.17902756033926454,0.1597733600578051,0.10028021846528645,5999
VEV_5200,15,1,2,-0.017317341793504342,0.02640963526406987,0.000825353893560532,6000
VEV_5200,15,1,3,0.15079834350760402,-0.1336817108109289,-0.1094869304247367,5999
VEV_5200,15,1,4,0.49910372658344954,-0.44946607367884756,-0.40235928570928087,6000
VEV_5200,20,1,0,-0.4494807196125106,0.3984682591201867,0.3655116968493531,6000
VEV_5200,20,1,1,-0.1783892645204052,0.16256900164252258,0.10141261166563709,5999
VEV_5200,20,1,2,-0.017483571725962904,0.023083897075702603,0.0007825246761967858,6000
VEV_5200,20,1,3,0.15006095044143625,-0.13271987102933078,-0.10603701875061233,5999
VEV_5200,20,1,4,0.49712896550503033,-0.45138542950580496,-0.4031417262049217,6000
VEV_5200,25,1,0,-0.44851037339127237,0.39934365588124715,0.3659624751683168,6000
VEV_5200,25,1,1,-0.17817841647288213,0.16185481310404026,0.10111321074236912,5999
VEV_5200,25,1,2,-0.0175464191908282,0.02437973615581177,0.0007794807602294895,6000
VEV_5200,25,1,3,0.14989610865734337,-0.13307415143192994,-0.1045198234269264,5999
VEV_5200,25,1,4,0.4966232111979026,-0.45248837448404994,-0.40532561965164854,6000
VEV_5200,30,1,0,-0.44836721534993884,0.3979862653950357,0.36419895187555085,6000
VEV_5200,30,1,1,-0.17822070884281335,0.1625806238246544,0.10203718271077378,5999
VEV_5200,30,1,2,-0.017545380636226824,0.02411732422287749,0.0007726435744643684,6000
VEV_5200,30,1,3,0.15006783221602563,-0.13288534119662634,-0.1048695408921958,5999
VEV_5200,30,1,4,0.4968004057898114,-0.451783040583996,-0.40290972303591843,6000
VEV_5200,35,1,0,-0.4487449169857387,0.3965422540482344,0.3635909124382124,6000
VEV_5200,35,1,1,-0.17831050958072145,0.1634648878802296,0.10089537121439211,5999
VEV_5200,35,1,2,-0.017538340308888782,0.023216850787112133,0.0007695240115026536,6000
VEV_5200,35,1,3,0.15039250183652084,-0.13111976813328,-0.10423754768044091,5999
VEV_5200,35,1,4,0.49739190448680476,-0.452087951280831,-0.4042552177932067,6000
VEV_5200,40,1,0,-0.44942937390626925,0.396089177440922,0.36228263601719846,6000
VEV_5200,40,1,1,-0.17840942073589885,0.16329860369786628,0.10165778321106708,5999
VEV_5200,40,1,2,-0.017562439303400956,0.023739643918141155,0.0007933375081847771,6000
VEV_5200,40,1,3,0.1508192484251499,-0.13129161264036604,-0.10513662934408785,5999
VEV_5200,40,1,4,0.49823404556629364,-0.4518195954698798,-0.4049164952364208,6000
VEV_5200,45,1,0,-0.4502515378792114,0.3960244605855921,0.3617460019202099,6000
VEV_5200,45,1,1,-0.1786102138787772,0.16213353764522395,0.10023741276518179,5999
VEV_5200,45,1,2,-0.01750230068268129,0.024229351233953214,0.0007933375081847771,6000
VEV_5200,45,1,3,0.15120838210043278,-0.13242050997692054,-0.10513662934408785,5999
VEV_5200,45,1,4,0.4992749812079842,-0.4499510048683968,-0.40266768863716607,6000
VEV_5200,50,1,0,-0.45119420146674255,0.3939658750563411,0.35985386980974,6000
VEV_5200,50,1,1,-0.178835737638994,0.1627866836282463,0.1006205676535501,5999
VEV_5200,50,1,2,-0.017435154294306664,0.023621296561113392,0.0008248181402450705,6000
VEV_5200,50,1,3,0.15161525289317926,-0.13104905689611426,-0.1039230648038938,5999
VEV_5200,50,1,4,0.5004419940100236,-0.4493086262969572,-0.40211479499703273,6000
VEV_5200,55,1,0,-0.4522310597611231,0.3938046396095349,0.3590880679194015,6000
VEV_5200,55,1,1,-0.17909187594606688,0.16282819689098224,0.10033414423060102,5999
VEV_5200,55,1,2,-0.017392824362925503,0.022212900777753248,0.0008064081237080627,6000
VEV_5200,55,1,3,0.15209422480178478,-0.13006938505052923,-0.10422920204473485,5999
VEV_5200,55,1,4,0.5016916330145793,-0.4487600099775938,-0.4023993306450393,6000
VEV_5200,60,1,0,-0.45332782279588785,0.3935640441185272,0.3578325920379939,6000
VEV_5200,60,1,1,-0.1793838224479521,0.16201154441835447,0.10037275221384334,5999
VEV_5200,60,1,2,-0.017349146445900684,0.021043601027925053,0.0007726435744643684,6000
VEV_5200,60,1,3,0.15263057392707938,-0.1289663580786517,-0.10263944526150226,5999
VEV_5200,60,1,4,0.5029827330514164,-0.4476364415069245,-0.4001366401996619,6000
VEV_5200,65,1,0,-0.4544327054741239,0.3927885715877865,0.3568200247270852,6000
VEV_5200,65,1,1,-0.17973364853128196,0.16254153193656956,0.1009546966743074,5999
VEV_5200,65,1,2,-0.017317442253744302,0.019873517373866056,0.0007311888134609035,6000
VEV_5200,65,1,3,0.15322568008099646,-0.12794375449641357,-0.10265798843010998,5999
VEV_5200,65,1,4,0.5042968365397343,-0.4472432176573946,-0.3996962571898165,6000
VEV_5200,15,2,0,-0.4521682731472608,0.4013293706111704,0.3625980589611117,6000
VEV_5200,15,2,1,-0.17902756033926454,0.16145979027678975,0.12238372999036079,5999
VEV_5200,15,2,2,-0.01731459799933857,0.024095946990793458,0.001636241932374105,5999
VEV_5200,15,2,3,0.15079834350760402,-0.13198284598940205,-0.13796313440161606,5999
VEV_5200,15,2,4,0.49910372658344954,-0.45482959819190294,-0.4000950084812303,6000
VEV_5200,20,2,0,-0.4494807196125106,0.40536014875438187,0.36460769478367194,6000
VEV_5200,20,2,1,-0.1783892645204052,0.1605410877935312,0.12590187180467188,5999
VEV_5200,20,2,2,-0.017479779393086165,0.022203601919126882,0.001563924300171493,5999
VEV_5200,20,2,3,0.15006095044143625,-0.13283105076782598,-0.13813321912630278,5999
VEV_5200,20,2,4,0.49712896550503033,-0.45520173387715424,-0.4007950635341331,6000
VEV_5200,25,2,0,-0.44851037339127237,0.4046725638460522,0.364433302038151,6000
VEV_5200,25,2,1,-0.17817841647288213,0.16088905982810767,0.1285826709217872,5999
VEV_5200,25,2,2,-0.01754198774811091,0.02349966824934973,0.0015231956804200308,5999
VEV_5200,25,2,3,0.14989610865734337,-0.13415914765803624,-0.13813321912630278,5999
VEV_5200,25,2,4,0.4966232111979026,-0.45483003778650116,-0.4007950635341331,6000
VEV_5200,30,2,0,-0.44836721534993884,0.4045847764932172,0.3638782278812869,6000
VEV_5200,30,2,1,-0.17822070884281335,0.1605600825829889,0.1306398922301923,5999
VEV_5200,30,2,2,-0.017540312514316887,0.02363217288382405,0.0015266433861141904,5999
VEV_5200,30,2,3,0.15006783221602563,-0.1348246166591293,-0.14035523677739548,5999
VEV_5200,30,2,4,0.4968004057898114,-0.453880452478864,-0.4008203378959932,6000
VEV_5200,35,2,0,-0.4487449169857387,0.4034834724312805,0.36352251014477593,6000
VEV_5200,35,2,1,-0.17831050958072145,0.1610949543280819,0.12896194156928686,5999
VEV_5200,35,2,2,-0.01753253541306486,0.022108615972567785,0.0015318365581151738,5999
VEV_5200,35,2,3,0.15039250183652084,-0.13212716677352973,-0.13649473468376522,5999
VEV_5200,35,2,4,0.49739190448680476,-0.4544876283422437,-0.4010938021201582,6000
VEV_5200,40,2,0,-0.44942937390626925,0.4024654525827563,0.3625980589611117,6000
VEV_5200,40,2,1,-0.17840942073589885,0.16095467118223478,0.12428607587298757,5999
VEV_5200,40,2,2,-0.017555799143355335,0.023547697249750543,0.0015692345959905651,5999
VEV_5200,40,2,3,0.1508192484251499,-0.13357052889935495,-0.1378948409073928,5999
VEV_5200,40,2,4,0.49823404556629364,-0.4533250685932289,-0.4008049941969602,6000
VEV_5200,45,2,0,-0.4502515378792114,0.40210582170261955,0.3620414902009088,6000
VEV_5200,45,2,1,-0.1786102138787772,0.15906056925595863,0.12117609912456831,5999
VEV_5200,45,2,2,-0.01749473585092943,0.025507230015922592,0.0015712815156803117,5999
VEV_5200,45,2,3,0.15120838210043278,-0.13355847422491143,-0.13724743326702082,5999
VEV_5200,45,2,4,0.4992749812079842,-0.4530429103131792,-0.4004299398282,6000
VEV_5200,50,2,0,-0.45119420146674255,0.4001722673434149,0.35929127268400407,6000
VEV_5200,50,2,1,-0.178835737638994,0.1582457939258258,0.11924057361966331,5999
VEV_5200,50,2,2,-0.017426621962415845,0.0266593563116031,0.0017173385713249445,5999
VEV_5200,50,2,3,0.15161525289317926,-0.1337394210255183,-0.13813271942626676,5999
VEV_5200,50,2,4,0.5004419940100236,-0.45126573405155457,-0.39932921474269273,6000
VEV_5200,55,2,0,-0.4522310597611231,0.3983769857421053,0.3572640567160761,6000
VEV_5200,55,2,1,-0.17909187594606688,0.15923707214515384,0.11982521468098642,5999
VEV_5200,55,2,2,-0.01738331703779242,0.026405379010408413,0.0017335831416858127,5999
VEV_5200,55,2,3,0.15209422480178478,-0.13349343787157053,-0.13706517962964426,5999
VEV_5200,55,2,4,0.5016916330145793,-0.45045357264164737,-0.3986771278555353,6000
VEV_5200,60,2,0,-0.45332782279588785,0.39838430297725463,0.3573236230133716,6000
VEV_5200,60,2,1,-0.1793838224479521,0.15774271071176205,0.11697898851343781,5999
VEV_5200,60,2,2,-0.017338676419289177,0.02520368368488294,0.0017105985552916536,5999
VEV_5200,60,2,3,0.15263057392707938,-0.1318610660244545,-0.1355121416872862,5999
VEV_5200,60,2,4,0.5029827330514164,-0.44939738224581416,-0.3986771278555353,6000
VEV_5200,65,2,0,-0.4544327054741239,0.39788422548478297,0.35755192222450205,6000
VEV_5200,65,2,1,-0.17973364853128196,0.15791062993317587,0.11817009792594035,5999
VEV_5200,65,2,2,-0.017306042430596698,0.023735293273724003,0.0015434963324879036,5999
VEV_5200,65,2,3,0.15322568008099646,-0.12968005036055358,-0.13216595931953634,5999
VEV_5200,65,2,4,0.5042968365397343,-0.4497777024700859,-0.40019600737605293,6000
VEV_5200,15,3,0,-0.4521600881593239,0.3999054501962723,0.3599612724347026,6000
VEV_5200,15,3,1,-0.17899752053112897,0.1660216999936716,0.14088179398868306,5999
VEV_5200,15,3,2,-0.017288796043204577,0.019533599218379466,0.0016566302665523835,5999
VEV_5200,15,3,3,0.15083000562930046,-0.1337082295215253,-0.1409393994936181,5999
VEV_5200,15,3,4,0.4991451048988242,-0.45174415641550897,-0.3965580187673367,5999
VEV_5200,20,3,0,-0.44947296411834886,0.4041821781577537,0.36494470150978486,6000
VEV_5200,20,3,1,-0.1783593453340241,0.16452135277766447,0.13791431204481341,5999
VEV_5200,20,3,2,-0.01745403771698586,0.016902458266577488,0.0015340312229454867,5999
VEV_5200,20,3,3,0.15009227555011723,-0.13105757447619457,-0.13768276668315604,5999
VEV_5200,20,3,4,0.49717037959289906,-0.45454076416132333,-0.3986376418238251,5999
VEV_5200,25,3,0,-0.4485028342522855,0.4043007500431444,0.3652590452950336,6000
VEV_5200,25,3,1,-0.17814857264103068,0.16424086798431917,0.13837061525237004,5999
VEV_5200,25,3,2,-0.017516101254681983,0.01937607715769818,0.0018170598423238316,5999
VEV_5200,25,3,3,0.14992727396990072,-0.13267179211673044,-0.14192022019051365,5999
VEV_5200,25,3,4,0.4966644941165513,-0.45523827226922864,-0.39925388734491213,5999
VEV_5200,30,3,0,-0.4483596991457687,0.40545314527358844,0.36546086066118744,6000
VEV_5200,30,3,1,-0.178190791453835,0.16290367229059785,0.1357922345432598,5999
VEV_5200,30,3,2,-0.017514428069952306,0.019843615392676213,0.0018118927878275903,5999
VEV_5200,30,3,3,0.1500988877272994,-0.1333000410259286,-0.14319080070708878,5999
VEV_5200,30,3,4,0.4968417578300594,-0.4548929532296193,-0.3984337998381306,5999
VEV_5200,35,3,0,-0.4487372129730089,0.4054310752689612,0.3652590452950336,6000
VEV_5200,35,3,1,-0.17828054775458793,0.16272565805471423,0.13572686199267991,5999
VEV_5200,35,3,2,-0.01750670645341204,0.018830891353043257,0.001779228919531417,5999
VEV_5200,35,3,3,0.1504237787597133,-0.13084303721843368,-0.14189522600554483,5999
VEV_5200,35,3,4,0.49743323377270476,-0.4561371450780231,-0.3986649883727295,5999
VEV_5200,40,3,0,-0.44942139203286724,0.40558271936498097,0.3660329159445155,6000
VEV_5200,40,3,1,-0.17837935245856823,0.16329209528690655,0.13448896906811558,5999
VEV_5200,40,3,2,-0.017529818194139905,0.017707633412991072,0.0016983096616058901,5999
VEV_5200,40,3,3,0.15085062525394968,-0.1301003409906665,-0.14206729352918046,5999
VEV_5200,40,3,4,0.498275382455653,-0.4564746899721792,-0.3982358941138955,5999
VEV_5200,45,3,0,-0.4502430650608458,0.4041596978255064,0.3652590452950336,6000
VEV_5200,45,3,1,-0.17858012399577217,0.163107693825799,0.13206509421570445,5999
VEV_5200,45,3,2,-0.017468639933055224,0.01837129760193241,0.0016850962083481136,5999
VEV_5200,45,3,3,0.15123984553447298,-0.1304118180619238,-0.14218895941303344,5999
VEV_5200,45,3,4,0.49931643599625986,-0.45521921687948963,-0.39741111399598594,5999
VEV_5200,50,3,0,-0.45118498077960384,0.4025826977424751,0.3637432406649168,6000
VEV_5200,50,3,1,-0.1788056751364298,0.16244545734648733,0.12980150905696075,5999
VEV_5200,50,3,2,-0.017400512954782565,0.020303837671687766,0.0018652039952940028,5999
VEV_5200,50,3,3,0.15164686549439876,-0.1306824698743317,-0.1429038854048484,5999
VEV_5200,50,3,4,0.5004835146678224,-0.4546416056973341,-0.39722388834206857,5999
VEV_5200,55,3,0,-0.4522211247202512,0.4013803156419554,0.3627254370803712,6000
VEV_5200,55,3,1,-0.1790618719505606,0.16226077696223934,0.12879285523240458,5999
VEV_5200,55,3,2,-0.017357024232489842,0.02071782667046772,0.0019249723764005466,5999
VEV_5200,55,3,3,0.1521259548527665,-0.1304497225853273,-0.14222919815983914,5999
VEV_5200,55,3,4,0.5017332084589387,-0.4539010790699289,-0.39722388834206857,5999
VEV_5200,60,3,0,-0.45331710791874225,0.4002431514571388,0.3620715414251664,6000
VEV_5200,60,3,1,-0.179353763842111,0.16165623352704164,0.12999224569057333,5999
VEV_5200,60,3,2,-0.01731227267066458,0.020723108481094737,0.0018620724868015082,5999
VEV_5200,60,3,3,0.15266236908752262,-0.12880292844617486,-0.13768276668315604,5999
VEV_5200,60,3,4,0.5030243316748794,-0.4538112578407367,-0.3973073556726377,5999
VEV_5200,65,3,0,-0.4544214012797589,0.3995019994301178,0.3613301450648123,6000
VEV_5200,65,3,1,-0.1797035258550508,0.16133635135379562,0.1298952641836877,5999
VEV_5200,65,3,2,-0.01727948853162495,0.02025311761985635,0.0016983096616058901,5999
VEV_5200,65,3,3,0.1532576924384433,-0.1279219327596397,-0.13467988611864712,5999
VEV_5200,65,3,4,0.5043384414780395,-0.45316110491983774,-0.39722388834206857,5999
VEV_5200,15,4,0,-0.45218977635550667,0.3969861253640465,0.363970555081778,5999
VEV_5200,15,4,1,-0.17902756033926454,0.16926075284644265,0.1444262821473786,5999
VEV_5200,15,4,2,-0.017292013222459324,0.026142724144710937,0.0030802545616100963,5999
VEV_5200,15,4,3,0.15083000562930046,-0.13298249274807883,-0.14564566663966622,5999
VEV_5200,15,4,4,0.4991451048988242,-0.4592778822385451,-0.40516910477617785,5999
VEV_5200,20,4,0,-0.44950235734646943,0.400195963793114,0.3663811909923424,5999
VEV_5200,20,4,1,-0.1783892645204052,0.16677698132908217,0.1413221045158934,5999
VEV_5200,20,4,2,-0.017458275197716887,0.02622144731764598,0.0031282114368877956,5999
VEV_5200,20,4,3,0.15009227555011723,-0.1328872191838609,-0.14462821332745085,5999
VEV_5200,20,4,4,0.49717037959289906,-0.4601779458874051,-0.40582066052911636,5999
VEV_5200,25,4,0,-0.4485322029612518,0.40055636372374825,0.3666692862998391,5999
VEV_5200,25,4,1,-0.17817841647288213,0.16862854500487012,0.1431521570066253,5999
VEV_5200,25,4,2,-0.017520885636336882,0.026577648549165247,0.0031282114368877956,5999
VEV_5200,25,4,3,0.14992727396990072,-0.13520366683775706,-0.14489332750326867,5999
VEV_5200,25,4,4,0.4966644941165513,-0.4604296630714505,-0.4068065967617258,5999
VEV_5200,30,4,0,-0.4483890427038837,0.4013567501905413,0.36682718029078387,5999
VEV_5200,30,4,1,-0.17822070884281335,0.16723272946330464,0.14199838652120889,5999
VEV_5200,30,4,2,-0.017519306111342805,0.027607132823949464,0.00316808175011829,5999
VEV_5200,30,4,3,0.1500988877272994,-0.13512646967975095,-0.14558984241193684,5999
VEV_5200,30,4,4,0.4968417578300594,-0.46094091542946836,-0.4072237194950503,5999
VEV_5200,35,4,0,-0.4487665304501188,0.400267293192516,0.36573672956546943,5999
VEV_5200,35,4,1,-0.17831050958072145,0.16843812812687814,0.1412320562840249,5999
VEV_5200,35,4,2,-0.017511436502529638,0.027217743817153372,0.0035051533727710193,5999
VEV_5200,35,4,3,0.1504237787597133,-0.13406993122808503,-0.1468212533491169,5999
VEV_5200,35,4,4,0.49743323377270476,-0.46172400653988643,-0.4076741943003982,5999
VEV_5200,40,4,0,-0.44945059798924536,0.3995200507881416,0.3654738341956545,5999
VEV_5200,40,4,1,-0.17840942073589885,0.16976630620621289,0.1413221045158934,5999
VEV_5200,40,4,2,-0.017534214936486353,0.026884514577841773,0.0036002498004563954,5999
VEV_5200,40,4,3,0.15085062525394968,-0.13454959145186768,-0.1469477935452232,5999
VEV_5200,40,4,4,0.498275382455653,-0.4614920527517525,-0.4072415382902363,5999
VEV_5200,45,4,0,-0.4502722404252601,0.39946951048300566,0.3652212135029914,5999
VEV_5200,45,4,1,-0.1786102138787772,0.16848719631897136,0.13794275382770138,5999
VEV_5200,45,4,2,-0.017472556441268994,0.02618799672361172,0.0033316515937258373,5999
VEV_5200,45,4,3,0.15123984553447298,-0.13373319806271095,-0.1469477935452232,5999
VEV_5200,45,4,4,0.49931643599625986,-0.46028227809430167,-0.4067578619960841,5999
VEV_5200,50,4,0,-0.45121430694467546,0.398859121170254,0.36364092394842384,5999
VEV_5200,50,4,1,-0.178835737638994,0.1671131827611805,0.13689988470241582,5999
VEV_5200,50,4,2,-0.017403730733667286,0.02571936043386677,0.003042169337732048,5999
VEV_5200,50,4,3,0.15164686549439876,-0.1323307799403229,-0.14515104105976212,5999
VEV_5200,50,4,4,0.5004835146678224,-0.45923165705640223,-0.4056908509123785,5999
VEV_5200,55,4,0,-0.45225053438571733,0.3991709339365432,0.3631142814838312,5999
VEV_5200,55,4,1,-0.17909187594606688,0.16444225300394208,0.1312720198075113,5999
VEV_5200,55,4,2,-0.017359602043907685,0.02668885276816477,0.0031282114368877956,5999
VEV_5200,55,4,3,0.1521259548527665,-0.13178846862982366,-0.14324751316053153,5999
VEV_5200,55,4,4,0.5017332084589387,-0.4583843437102503,-0.40449398368173206,5999
VEV_5200,60,4,0,-0.45334666165551124,0.3967866826593651,0.3615119547016548,5999
VEV_5200,60,4,1,-0.1793838224479521,0.16584599647986537,0.1328098086892168,5999
VEV_5200,60,4,2,-0.0173140286871953,0.025686305385822807,0.003040304111436909,5999
VEV_5200,60,4,3,0.15266236908752262,-0.13208402264767,-0.1426716901855798,5999
VEV_5200,60,4,4,0.5030243316748794,-0.4561057345088072,-0.40293164268132386,5999
VEV_5200,65,4,0,-0.45445092041727525,0.39610469181527025,0.36124408783598483,5999
VEV_5200,65,4,1,-0.17973364853128196,0.1654488829425911,0.13277538661441207,5999
VEV_5200,65,4,2,-0.01728060217485175,0.02487332452247914,0.0028995073221267376,5999
VEV_5200,65,4,3,0.1532576924384433,-0.13101326677332245,-0.14051720847783145,5999
VEV_5200,65,4,4,0.5043384414780395,-0.4552844051384419,-0.4027685832252248,5999
VEV_5200,15,5,0,-0.45218977635550667,0.4035113271179353,0.3671462305646853,5999
VEV_5200,15,5,1,-0.17902756033926454,0.16710457435291445,0.14070773704588668,5999
VEV_5200,15,5,2,-0.017305055262775523,0.02135066506441204,0.003147218980529963,5998
VEV_5200,15,5,3,0.15080515727669055,-0.13640105649873466,-0.1543857888136697,5999
VEV_5200,15,5,4,0.4991451048988242,-0.455269559358287,-0.40111904169225443,5999
VEV_5200,20,5,0,-0.44950235734646943,0.40701990795669707,0.36891164534199566,5999
VEV_5200,20,5,1,-0.1783892645204052,0.16726564927353635,0.14293881486764803,5999
VEV_5200,20,5,2,-0.017471317011755073,0.020146780524071334,0.0030241255533382527,5998
VEV_5200,20,5,3,0.15006738731623567,-0.13804350327054724,-0.15643046102104563,5999
VEV_5200,20,5,4,0.49717037959289906,-0.4560930844863875,-0.4010589698000332,5999
VEV_5200,25,5,0,-0.4485322029612518,0.4075960663476605,0.36759069606114286,5999
VEV_5200,25,5,1,-0.17817841647288213,0.16846341748842542,0.14677258004576282,5999
VEV_5200,25,5,2,-0.01753414458229045,0.02177545080275754,0.003393141948663428,5998
VEV_5200,25,5,3,0.14990262771904775,-0.1414592908527829,-0.15831932270521065,5999
VEV_5200,25,5,4,0.4966644941165513,-0.45607962229839577,-0.4014687651524583,5999
VEV_5200,30,5,0,-0.4483890427038837,0.4086959160503971,0.3683742966823047,5999
VEV_5200,30,5,1,-0.17822070884281335,0.16828520597053365,0.14803870327796176,5999
VEV_5200,30,5,2,-0.017532635022700242,0.020231713366763746,0.0029761946427697555,5998
VEV_5200,30,5,3,0.15007459828141137,-0.14041895272326313,-0.1583524522393418,5999
VEV_5200,30,5,4,0.4968417578300594,-0.456498118509228,-0.4014014915996995,5999
VEV_5200,35,5,0,-0.4487665304501188,0.40985146907827197,0.36907751440503495,5999
VEV_5200,35,5,1,-0.17831050958072145,0.16721036297347738,0.1476438397839956,5999
VEV_5200,35,5,2,-0.01752466402714513,0.019857617625238126,0.0028850360247361095,5998
VEV_5200,35,5,3,0.15039992233059815,-0.14238012240333428,-0.15984248637005283,5999
VEV_5200,35,5,4,0.49743323377270476,-0.4542436254781334,-0.40058320046273366,5999
VEV_5200,40,5,0,-0.44945059798924536,0.4099728075959437,0.3685187181476977,5999
VEV_5200,40,5,1,-0.17840942073589885,0.16741644853544776,0.1466308605672566,5999
VEV_5200,40,5,2,-0.01754747913543032,0.01885880517634112,0.002669152970156574,5998
VEV_5200,40,5,3,0.15082752064645782,-0.14153430234665906,-0.15991078342540277,5999
VEV_5200,40,5,4,0.498275382455653,-0.45441822366204454,-0.40067591666957014,5999
VEV_5200,45,5,0,-0.4502722404252601,0.40928421357930794,0.3676656799666491,5999
VEV_5200,45,5,1,-0.1786102138787772,0.1669740909619458,0.14688741811733047,5999
VEV_5200,45,5,2,-0.017485779369241013,0.01917266244971139,0.002628442384320806,5998
VEV_5200,45,5,3,0.15121754997947798,-0.14142256050242202,-0.1592073332303699,5999
VEV_5200,45,5,4,0.49931643599625986,-0.4537128188712489,-0.40067591666957014,5999
VEV_5200,50,5,0,-0.45121430694467546,0.4069853437653556,0.3668183526115174,5999
VEV_5200,50,5,1,-0.178835737638994,0.1679599669026786,0.14781808269663088,5999
VEV_5200,50,5,2,-0.017416921681298693,0.018818820889508606,0.0024446555091799105,5998
VEV_5200,50,5,3,0.15162545629733826,-0.13981710172975406,-0.15617591876843995,5999
VEV_5200,50,5,4,0.5004835146678224,-0.45365150119391845,-0.4007300806397325,5999
VEV_5200,55,5,0,-0.45225053438571733,0.40689628759961316,0.3667815718822567,5999
VEV_5200,55,5,1,-0.17909187594606688,0.16690882427543574,0.1454055281815272,5999
VEV_5200,55,5,2,-0.017372821711881536,0.02017341302096186,0.0026158814200698405,5998
VEV_5200,55,5,3,0.1521055136885073,-0.14184837922106988,-0.1577295857223362,5999
VEV_5200,55,5,4,0.5017332084589387,-0.45183439123808156,-0.4004881194687186,5999
VEV_5200,60,5,0,-0.45334666165551124,0.4059840175165086,0.3660494971340995,5999
VEV_5200,60,5,1,-0.1793838224479521,0.16668709212429483,0.1464821596991897,5999
VEV_5200,60,5,2,-0.017327367708883483,0.019202612206485038,0.0024793993902676448,5998
VEV_5200,60,5,3,0.15264298109102467,-0.14092915561489164,-0.15719148986727305,5999
VEV_5200,60,5,4,0.5030243316748794,-0.4506489736226444,-0.3991478506027305,5999
VEV_5200,65,5,0,-0.45445092041727525,0.40531008967281895,0.36546503100134947,5999
VEV_5200,65,5,1,-0.17973364853128196,0.16618947777048632,0.1455659977609684,5999
VEV_5200,65,5,2,-0.01729393116476472,0.018809239909036587,0.0021537761695071267,5998
VEV_5200,65,5,3,0.153239198302224,-0.14042970512677858,-0.15606004586925332,5999
VEV_5200,65,5,4,0.5043384414780395,-0.4495835751887893,-0.39869795496861105,5999
VEV_5300,15,1,0,-0.39330230122991366,0.33575903550299496,0.3367140508804596,6000
VEV_5300,15,1,1,-0.16024473944384407,0.13978224807426348,0.10618665643869461,5999
VEV_5300,15,1,2,-0.0073794443145752155,0.008550641494417659,0.0004110270203910027,6000
VEV_5300,15,1,3,0.1488791804076804,-0.12399668135805281,-0.10500849572008521,5999
VEV_5300,15,1,4,0.413725373684981,-0.35989140271714964,-0.36310963029654897,6000
VEV_5300,20,1,0,-0.393184252234755,0.33694867522448846,0.3379709477353572,6000
VEV_5300,20,1,1,-0.16049570608043318,0.14061401760045164,0.10636964152286049,5999
VEV_5300,20,1,2,-0.006936501328625974,0.006271153404493516,0.00028187181601423833,6000
VEV_5300,20,1,3,0.14896700086205683,-0.1242495484955496,-0.10271150593348449,5999
VEV_5300,20,1,4,0.41384006895336156,-0.35938036025367887,-0.363348268186769,6000
VEV_5300,25,1,0,-0.3941864856600353,0.33632688769217783,0.3379709477353572,6000
VEV_5300,25,1,1,-0.1609240344566378,0.14142295226985802,0.1052638554374426,5999
VEV_5300,25,1,2,-0.006563454199623571,0.0041588647351990206,0.00024662504563364995,6000
VEV_5300,25,1,3,0.14947572704165174,-0.12161827344703391,-0.09769554643935402,5999
VEV_5300,25,1,4,0.4148933128556611,-0.36008592040170945,-0.3640207734838441,6000
VEV_5300,30,1,0,-0.39572001975766125,0.33534027349503115,0.33724134181511545,6000
VEV_5300,30,1,1,-0.1614231132860684,0.13833253767216014,0.10271000164266297,5999
VEV_5300,30,1,2,-0.006351384013400052,0.00591354739070058,0.00033918270787582083,6000
VEV_5300,30,1,3,0.15023596929567734,-0.11822537757527209,-0.09320908346899161,5999
VEV_5300,30,1,4,0.4164484813441491,-0.36115641972058266,-0.364134497005125,6000
VEV_5300,35,1,0,-0.3975295684067435,0.33349246542954636,0.33584051417665245,6000
VEV_5300,35,1,1,-0.1619580148096365,0.13706409124799157,0.10128421524404979,5999
VEV_5300,35,1,2,-0.006260921658988575,0.008060696543470768,0.00041942696236670074,6000
VEV_5300,35,1,3,0.15115708338769296,-0.11939209508502843,-0.0966488808458052,5999
VEV_5300,35,1,4,0.4182674467920514,-0.35902100273459875,-0.363348268186769,6000
VEV_5300,40,1,0,-0.39948466955184775,0.3313867303141825,0.33260649622855,6000
VEV_5300,40,1,1,-0.1625533315962217,0.13664773022730145,0.1010595258185277,5999
VEV_5300,40,1,2,-0.00615919413673534,0.009670014658584556,0.0004457253240843506,6000
VEV_5300,40,1,3,0.1520396293901761,-0.11842719880882865,-0.0940222466215346,5999
VEV_5300,40,1,4,0.4203121643705646,-0.3590730295673158,-0.3637873896233259,6000
VEV_5300,45,1,0,-0.4015430810494106,0.3294211397359844,0.33071464339934664,6000
VEV_5300,45,1,1,-0.16312461608435394,0.1358551521879784,0.1002391067845565,5999
VEV_5300,45,1,2,-0.0061124467941649965,0.010087274072998906,0.0004504039578705531,6000
VEV_5300,45,1,3,0.15296027000078624,-0.11744973821527889,-0.09353056790223499,5999
VEV_5300,45,1,4,0.42244661699716274,-0.35770955014399974,-0.36265467100258775,6000
VEV_5300,50,1,0,-0.4036862797861431,0.3264498191721557,0.32655671995564717,6000
VEV_5300,50,1,1,-0.16367388659028803,0.13746018472780955,0.10232398213156557,5999
VEV_5300,50,1,2,-0.006058263403669748,0.010355993625734606,0.00046242343785250013,6000
VEV_5300,50,1,3,0.15386678677622231,-0.11819766158988917,-0.09471642468997743,5999
VEV_5300,50,1,4,0.42464477167803594,-0.35586391544660007,-0.36072836936966723,6000
VEV_5300,55,1,0,-0.40584910957782383,0.3252926489655174,0.32591461186507337,6000
VEV_5300,55,1,1,-0.16420011582481375,0.13596358792933505,0.10038942948312979,5999
VEV_5300,55,1,2,-0.005989930030091965,0.011521929823536276,0.0004929597378122985,6000
VEV_5300,55,1,3,0.15472129969294943,-0.1180371116939916,-0.0948510500966222,5999
VEV_5300,55,1,4,0.42687194821512164,-0.35453685720967026,-0.35932446564686404,6000
VEV_5300,60,1,0,-0.40797732018386546,0.324220955842782,0.3224004695226768,6000
VEV_5300,60,1,1,-0.16475384055971126,0.13500832776030508,0.0996758689407215,5999
VEV_5300,60,1,2,-0.005920794641866619,0.011180303012742344,0.00047131159192304733,6000
VEV_5300,60,1,3,0.15555164697756144,-0.11671325168357023,-0.0917927415398481,5999
VEV_5300,60,1,4,0.4291100439995666,-0.3534920756842254,-0.35904339309229266,6000
VEV_5300,65,1,0,-0.41005561892325454,0.32335025228428294,0.32165586679434455,6000
VEV_5300,65,1,1,-0.1653628782518318,0.13270061009949485,0.09732376762713091,5999
VEV_5300,65,1,2,-0.005830318614514537,0.013312661079715746,0.0005222311075385455,6000
VEV_5300,65,1,3,0.15638225771640274,-0.11664186704726823,-0.09166240262629799,5999
VEV_5300,65,1,4,0.4313265717278856,-0.3525177698903622,-0.3583996887092553,6000
VEV_5300,15,2,0,-0.39330230122991366,0.3473166176831151,0.35208434819867307,6000
VEV_5300,15,2,1,-0.16024473944384407,0.14495689251277313,0.12057682709610162,5999
VEV_5300,15,2,2,-0.007391870228472911,0.008395007080987067,0.0008105284184693994,5999
VEV_5300,15,2,3,0.14885040754988355,-0.1288044550574314,-0.12650675709483042,5999
VEV_5300,15,2,4,0.4137111580299846,-0.37136967333825677,-0.3715393178327986,6000
VEV_5300,20,2,0,-0.393184252234755,0.348726273851943,0.35320906530421314,6000
VEV_5300,20,2,1,-0.16049570608043318,0.14279431244767868,0.1185455635873041,5999
VEV_5300,20,2,2,-0.006949093549656368,0.010640422650334623,0.0008768294183028047,5999
VEV_5300,20,2,3,0.1489383996171813,-0.13035238923850656,-0.1272207506735866,5999
VEV_5300,20,2,4,0.41382639657766207,-0.37131447501337544,-0.3707651029131966,6000
VEV_5300,25,2,0,-0.3941864856600353,0.34832807678225536,0.3533357066960435,6000
VEV_5300,25,2,1,-0.1609240344566378,0.14351907452111562,0.1187682466143087,5999
VEV_5300,25,2,2,-0.006575906286649632,0.009172944000557104,0.000891201319973299,5999
VEV_5300,25,2,3,0.14944689072760567,-0.13035617174424707,-0.12751495734437412,5999
VEV_5300,25,2,4,0.4148793973299988,-0.3701699032781203,-0.37019166721597685,6000
VEV_5300,30,2,0,-0.39572001975766125,0.3475373180342365,0.3525484633603355,6000
VEV_5300,30,2,1,-0.1614231132860684,0.14263310280152725,0.11718283403365612,5999
VEV_5300,30,2,2,-0.0063637694823038,0.009604075055276981,0.0009100354632209928,5999
VEV_5300,30,2,3,0.15020696310162207,-0.1299003779386338,-0.1274267382520975,5999
VEV_5300,30,2,4,0.4164337789011804,-0.36938009751198947,-0.3687810908639903,6000
VEV_5300,35,2,0,-0.3975295684067435,0.34697752582295066,0.35219299334119114,6000
VEV_5300,35,2,1,-0.1619580148096365,0.13972659309372798,0.11499965950520169,5999
VEV_5300,35,2,2,-0.006273230326314656,0.010826782889330502,0.0010693287117646832,5999
VEV_5300,35,2,3,0.15112781909384676,-0.1288055643450862,-0.1271221593167411,5999
VEV_5300,35,2,4,0.41825176991733337,-0.36823141518521896,-0.3685607803823814,6000
VEV_5300,40,2,0,-0.39948466955184775,0.34553730394440474,0.35104718430807225,6000
VEV_5300,40,2,1,-0.1625533315962217,0.13966449930651348,0.11545303992443229,5999
VEV_5300,40,2,2,-0.00617158365097612,0.00993189118919938,0.00109689905139021,5999
VEV_5300,40,2,3,0.15201026839905746,-0.12722717529498412,-0.1231565951161427,5999
VEV_5300,40,2,4,0.42029542666674424,-0.36741249330216896,-0.3684151777200668,6000
VEV_5300,45,2,0,-0.4015430810494106,0.3432788574017703,0.346539581202137,6000
VEV_5300,45,2,1,-0.16312461608435394,0.14023882027539436,0.11586051129461339,5999
VEV_5300,45,2,2,-0.0061247201212990664,0.008450568534990158,0.001044197011651704,5999
VEV_5300,45,2,3,0.15293052099751897,-0.12661210280866447,-0.1231565951161427,5999
VEV_5300,45,2,4,0.4224288961823575,-0.36486216621539236,-0.36632552158675935,6000
VEV_5300,50,2,0,-0.4036862797861431,0.34121299242205483,0.34380583824395217,6000
VEV_5300,50,2,1,-0.16367388659028803,0.14035114466539855,0.11564599238272416,5999
VEV_5300,50,2,2,-0.0060706150519665965,0.010079576288184995,0.0010693287117646832,5999
VEV_5300,50,2,3,0.1538367438022079,-0.12735648788465295,-0.12358489767939318,5999
VEV_5300,50,2,4,0.4246261920174154,-0.36379308214504286,-0.36543455445541895,6000
VEV_5300,55,2,0,-0.40584910957782383,0.33958633217461726,0.341908166498456,6000
VEV_5300,55,2,1,-0.16420011582481375,0.14048172796008265,0.11586051129461339,5999
VEV_5300,55,2,2,-0.006002352680965468,0.009730159044941697,0.0010595124144856805,5999
VEV_5300,55,2,3,0.15469096261927023,-0.12748054904688158,-0.1246171252523709,5999
VEV_5300,55,2,4,0.42685253389911465,-0.36182358393600256,-0.3638920923885962,6000
VEV_5300,60,2,0,-0.40797732018386546,0.3382640268470469,0.3412932324780513,6000
VEV_5300,60,2,1,-0.16475384055971126,0.13853473407542818,0.1152104515667816,5999
VEV_5300,60,2,2,-0.005933345585540637,0.010754026426655102,0.0010973767452924221,5999
VEV_5300,60,2,3,0.15552120922654225,-0.12574725477202242,-0.12106465080819362,5999
VEV_5300,60,2,4,0.42908968425086097,-0.36131131135238825,-0.3638085981773428,6000
VEV_5300,65,2,0,-0.41005561892325454,0.3367817819118112,0.33995774917411836,6000
VEV_5300,65,2,1,-0.1653628782518318,0.13664449728422853,0.1120810804081883,5999
VEV_5300,65,2,2,-0.0058429916100392505,0.012594553555341654,0.0013243275750482973,5999
VEV_5300,65,2,3,0.15635181045806823,-0.12604062179603615,-0.12106465080819362,5999
VEV_5300,65,2,4,0.43130519063219597,-0.3594860469100735,-0.3628851430219129,6000
VEV_5300,15,3,0,-0.39330230122991366,0.34645653649897395,0.34505697114457246,6000
VEV_5300,15,3,1,-0.16023019064995547,0.1515325200749652,0.1418617394983811,5999
VEV_5300,15,3,2,-0.007366979755673301,0.008205973697395966,0.0012160690873770363,5999
VEV_5300,15,3,3,0.1488791804076804,-0.13503379705022303,-0.13551833000838082,5999
VEV_5300,15,3,4,0.41374015272425846,-0.37051844605288137,-0.36906199651457433,5999
VEV_5300,20,3,0,-0.393184252234755,0.3471340076501562,0.34719419236353133,6000
VEV_5300,20,3,1,-0.16048151659220317,0.15215247022142978,0.1447616211048625,5999
VEV_5300,20,3,2,-0.0069240078666670535,0.007259364445376032,0.0012035763286349088,5999
VEV_5300,20,3,3,0.14896700086205683,-0.13515158576043054,-0.1400882421894494,5999
VEV_5300,20,3,4,0.4138553419512138,-0.37075158231898103,-0.36906199651457433,5999
VEV_5300,25,3,0,-0.3941864856600353,0.3476540803158645,0.3472725142180479,6000
VEV_5300,25,3,1,-0.16091085298494082,0.15226251211108138,0.1406645819670302,5999
VEV_5300,25,3,2,-0.006550876571608984,0.005738357965501666,0.0007464674836227952,5999
VEV_5300,25,3,3,0.14947572704165174,-0.1346785199412898,-0.1388734814258895,5999
VEV_5300,25,3,4,0.4149083611128789,-0.37033384290683385,-0.36906199651457433,5999
VEV_5300,30,3,0,-0.39572001975766125,0.3473730835043098,0.3470829783084355,6000
VEV_5300,30,3,1,-0.1614112965675539,0.15098351416700023,0.13506118544842138,5999
VEV_5300,30,3,2,-0.006338751924398529,0.005416934432884147,0.000685488130557188,5999
VEV_5300,30,3,3,0.15023596929567734,-0.1340119275881572,-0.13661482629936472,5999
VEV_5300,30,3,4,0.4164628631780305,-0.3691189701311043,-0.36805557798447813,5999
VEV_5300,35,3,0,-0.3975295684067435,0.3470331882972594,0.34606105936279613,6000
VEV_5300,35,3,1,-0.16194769451887697,0.14848342057433656,0.13191043945425923,5999
VEV_5300,35,3,2,-0.006248259922427637,0.007387432835105624,0.0009053874750861168,5999
VEV_5300,35,3,3,0.15115708338769296,-0.13525654591446865,-0.1383348222889253,5999
VEV_5300,35,3,4,0.4182809608654087,-0.36700480474865593,-0.3664165216325728,5999
VEV_5300,40,3,0,-0.39948466955184775,0.34536692392159674,0.3445190250538417,6000
VEV_5300,40,3,1,-0.16254451461155686,0.14705038920276822,0.1317598162440845,5999
VEV_5300,40,3,2,-0.006146503152340687,0.007613434990697269,0.0009580431078575202,5999
VEV_5300,40,3,3,0.1520396293901761,-0.13253714185865928,-0.13246130424226976,5999
VEV_5300,40,3,4,0.4203247637794551,-0.36685063745580393,-0.3663194122188998,5999
VEV_5300,45,3,0,-0.4015430810494106,0.3434484423119189,0.3433969012869511,6000
VEV_5300,45,3,1,-0.1631173438452891,0.14576816899436879,0.1308347374315417,5999
VEV_5300,45,3,2,-0.006099648483313769,0.007559383499423909,0.0007593273599014183,5999
VEV_5300,45,3,3,0.15296027000078624,-0.13102515994799038,-0.1300558880232074,5999
VEV_5300,45,3,4,0.4224583093150295,-0.3651075462568871,-0.36535792427866914,5999
VEV_5300,50,3,0,-0.4036862797861431,0.34067644041718254,0.34151727574305824,6000
VEV_5300,50,3,1,-0.16366806423031705,0.14658862259485275,0.13265426829843818,5999
VEV_5300,50,3,2,-0.006045390684233741,0.009727287102558952,0.0012982627674773956,5999
VEV_5300,50,3,3,0.15386678677622231,-0.13345869689915782,-0.1338099701390547,5999
VEV_5300,50,3,4,0.42465559010312565,-0.3628899025372737,-0.36361700677480246,5999
VEV_5300,55,3,0,-0.40584910957782383,0.33958149320391645,0.3400086794932804,6000
VEV_5300,55,3,1,-0.1641955438631554,0.1456696909703702,0.13191043945425923,5999
VEV_5300,55,3,2,-0.005977123221926213,0.008161791369629086,0.0010331416197003965,5999
VEV_5300,55,3,3,0.15472129969294943,-0.13272310867711165,-0.1328253778774523,5999
VEV_5300,55,3,4,0.42688192661062274,-0.36004593366701887,-0.3624548882328327,5999
VEV_5300,60,3,0,-0.40797732018386546,0.33785779292455725,0.33809214994300874,6000
VEV_5300,60,3,1,-0.16475057535431334,0.14502994282863615,0.1308347374315417,5999
VEV_5300,60,3,2,-0.005907951465387199,0.009248735361435197,0.0012402320439832693,5999
VEV_5300,60,3,3,0.15555164697756144,-0.13235808007289393,-0.1323351861865376,5999
VEV_5300,60,3,4,0.42911920938828846,-0.35913417051068103,-0.3617693473838699,5999
VEV_5300,65,3,0,-0.41005561892325454,0.33663697870414455,0.3364700887757408,6000
VEV_5300,65,3,1,-0.16536077799739776,0.14423644427205223,0.12856862163744154,5999
VEV_5300,65,3,2,-0.005817543857726571,0.01037608050025711,0.0014688858793761028,5999
VEV_5300,65,3,3,0.15638225771640274,-0.13213297881365013,-0.1326822519440612,5999
VEV_5300,65,3,4,0.4313349384412216,-0.3584721006287962,-0.3607576966437592,5999
VEV_5300,15,4,0,-0.3933268039309723,0.3465833803473906,0.33930695512117404,5999
VEV_5300,15,4,1,-0.16025755458801388,0.1457816923771092,0.1261275018514425,5999
VEV_5300,15,4,2,-0.007391870228472911,0.008626054431420727,0.002173677698465326,5999
VEV_5300,15,4,3,0.14885040754988355,-0.13026650892413616,-0.1363221430476642,5999
VEV_5300,15,4,4,0.41372168047137586,-0.36973461510543304,-0.3693374053893877,5999
VEV_5300,20,4,0,-0.3932086633941507,0.3473700914036254,0.34127194573784425,5999
VEV_5300,20,4,1,-0.16050899732689222,0.1453971713667817,0.1291610120301812,5999
VEV_5300,20,4,2,-0.006949093549656368,0.008111792024091544,0.002173677698465326,5999
VEV_5300,20,4,3,0.1489383996171813,-0.13090992055500958,-0.13921649406825048,5999
VEV_5300,20,4,4,0.4138384138369216,-0.3689791311131378,-0.36818410161458814,5999
VEV_5300,25,4,0,-0.3942109101060965,0.3468030966964927,0.34127194573784425,5999
VEV_5300,25,4,1,-0.16093846551854302,0.1471696155114056,0.13338410621327051,5999
VEV_5300,25,4,2,-0.006575906286649632,0.005141763245989182,0.0017447804070798018,5999
VEV_5300,25,4,3,0.14944689072760567,-0.1287979477735479,-0.13668975656264598,5999
VEV_5300,25,4,4,0.4148916521776289,-0.36932652455398823,-0.369279345442692,5999
VEV_5300,30,4,0,-0.395744528047639,0.3458210637455665,0.3398288357670936,5999
VEV_5300,30,4,1,-0.16143906177879705,0.14595948230691913,0.12872846784785,5999
VEV_5300,30,4,2,-0.0063637694823038,0.006138971555145793,0.0020335695471657977,5999
VEV_5300,30,4,3,0.15020696310162207,-0.12895556458899626,-0.138894810336751,5999
VEV_5300,30,4,4,0.4164456090944442,-0.36797394989228394,-0.36815244878948766,5999
VEV_5300,35,4,0,-0.397554143519107,0.34579157066469474,0.33964782585940145,5999
VEV_5300,35,4,1,-0.16197567998146248,0.14426929746266107,0.12727266844444785,5999
VEV_5300,35,4,2,-0.006273230326314656,0.0063009888678162975,0.002173677698465326,5999
VEV_5300,35,4,3,0.15112781909384676,-0.13023554728737305,-0.1402739662612476,5999
VEV_5300,35,4,4,0.41826288049790017,-0.36513630658144774,-0.3658988209540439,5999
VEV_5300,40,4,0,-0.39950939357047727,0.3442930286948325,0.33928081728026893,5999
VEV_5300,40,4,1,-0.16257266478196417,0.14586872957261354,0.1302008029801983,5999
VEV_5300,40,4,2,-0.00617158365097612,0.0035246864035538743,0.0017447804070798018,5999
VEV_5300,40,4,3,0.15201026839905746,-0.12910928530122195,-0.13685757379153068,5999
VEV_5300,40,4,4,0.4203057278833068,-0.36358715624342663,-0.36492124855999475,5999
VEV_5300,45,4,0,-0.4015680189963793,0.3422990277565052,0.3372688593963178,5999
VEV_5300,45,4,1,-0.16314552367919363,0.14493681480987933,0.1298036231899004,5999
VEV_5300,45,4,2,-0.0061247201212990664,0.0035495990292300945,0.0017664240128851816,5999
VEV_5300,45,4,3,0.15293052099751897,-0.12711073710200005,-0.13431353336613938,5999
VEV_5300,45,4,4,0.42243837339552454,-0.36268470136726333,-0.36445301484286563,5999
VEV_5300,50,4,0,-0.4037114171251907,0.33991926387813387,0.33538490180853847,5999
VEV_5300,50,4,1,-0.16369633655496094,0.14391194411529662,0.12872846784785,5999
VEV_5300,50,4,2,-0.0060706150519665965,0.005246802158324232,0.0021861224772691985,5999
VEV_5300,50,4,3,0.1538367438022079,-0.12731210993817918,-0.13434056446885728,5999
VEV_5300,50,4,4,0.4246348648555771,-0.3607758970872242,-0.36279408946529657,5999
VEV_5300,55,4,0,-0.4058743319669324,0.33815019783652267,0.33290917790577623,5999
VEV_5300,55,4,1,-0.16422416897152337,0.14327998091830574,0.1288269157598734,5999
VEV_5300,55,4,2,-0.006002352680965468,0.005414435151244887,0.002200339546106999,5999
VEV_5300,55,4,3,0.15469096261927023,-0.1269647779196039,-0.13431353336613938,5999
VEV_5300,55,4,4,0.4268604265081189,-0.3588898328601181,-0.3615286337189901,5999
VEV_5300,60,4,0,-0.4080027510498547,0.33664206152406684,0.33033253045687166,5999
VEV_5300,60,4,1,-0.16477932190286684,0.14180951626124616,0.12727266844444785,5999
VEV_5300,60,4,2,-0.005933345585540637,0.004935497234394512,0.0017811397401601425,5999
VEV_5300,60,4,3,0.15552120922654225,-0.12502996213446374,-0.1289080266651581,5999
VEV_5300,60,4,4,0.4290968158822633,-0.3573671097588925,-0.3598498140040647,5999
VEV_5300,65,4,0,-0.41008118775438707,0.33574240165549213,0.3295247358873894,5999
VEV_5300,65,4,1,-0.16538981652321436,0.14009991132875513,0.12488792988233391,5999
VEV_5300,65,4,2,-0.0058429916100392505,0.006737314298389428,0.0017918235564593488,5999
VEV_5300,65,4,3,0.15635181045806823,-0.125985344168774,-0.1301256522294807,5999
VEV_5300,65,4,4,0.4313115690563826,-0.3556042799875114,-0.3583065924187849,5999
VEV_5300,15,5,0,-0.3933268039309723,0.35246807827716364,0.3479944172090655,5999
VEV_5300,15,5,1,-0.160237618052328,0.14741661872416306,0.13771174965404498,5999
VEV_5300,15,5,2,-0.007379405663128015,0.009934046641997119,0.002141536490057619,5998
VEV_5300,15,5,3,0.14885040754988355,-0.1356534472783882,-0.1445040246931057,5999
VEV_5300,15,5,4,0.41372168047137586,-0.37286902238968794,-0.3720405182648392,5999
VEV_5300,20,5,0,-0.3932086633941507,0.3541776861615903,0.3498106163870034,5999
VEV_5300,20,5,1,-0.1604884912124047,0.14524271599577646,0.1330436326584277,5999
VEV_5300,20,5,2,-0.00693660010416278,0.009280544679112619,0.0020823238760386067,5998
VEV_5300,20,5,3,0.1489383996171813,-0.13340166918057608,-0.14190363444822657,5999
VEV_5300,20,5,4,0.4138384138369216,-0.37400311261580527,-0.3725678858968421,5999
VEV_5300,25,5,0,-0.3942109101060965,0.3528476918114306,0.34819441588183514,5999
VEV_5300,25,5,1,-0.160918591850143,0.14577671244369436,0.1330436326584277,5999
VEV_5300,25,5,2,-0.006563328637704572,0.009037826757466644,0.002265091027993573,5998
VEV_5300,25,5,3,0.14944689072760567,-0.13215508470198503,-0.13999002127002314,5999
VEV_5300,25,5,4,0.4148916521776289,-0.3742110217302388,-0.372608189434004,5999
VEV_5300,30,5,0,-0.395744528047639,0.35219207936526953,0.34862253031792534,5999
VEV_5300,30,5,1,-0.16142038303659054,0.14357913594180824,0.1307402588756758,5999
VEV_5300,30,5,2,-0.006351137352185221,0.010755983286727899,0.0028971910651307553,5998
VEV_5300,30,5,3,0.15020696310162207,-0.13246402843403224,-0.13999002127002314,5999
VEV_5300,30,5,4,0.4164456090944442,-0.37276675917224966,-0.37120794305838,5999
VEV_5300,35,5,0,-0.397554143519107,0.3512869991085351,0.3476522256555654,5999
VEV_5300,35,5,1,-0.16195840573720766,0.1431986533726505,0.1299292785993203,5999
VEV_5300,35,5,2,-0.0062605685308892225,0.011035283303380274,0.0027802861588952475,5998
VEV_5300,35,5,3,0.15112781909384676,-0.1331355679299577,-0.1409459915921616,5999
VEV_5300,35,5,4,0.41826288049790017,-0.37108891030932195,-0.3696797081970544,5999
VEV_5300,40,5,0,-0.39950939357047727,0.3496558614396677,0.3455545567946956,5999
VEV_5300,40,5,1,-0.16255683248699843,0.1444648950678494,0.13405386545582593,5999
VEV_5300,40,5,2,-0.006158892616319689,0.009269800196960385,0.002609190202974787,5998
VEV_5300,40,5,3,0.15201026839905746,-0.1335640567245378,-0.13999002127002314,5999
VEV_5300,40,5,4,0.4203057278833068,-0.3685303367308873,-0.3663896079415281,5999
VEV_5300,45,5,0,-0.4015680189963793,0.3474869276779992,0.3439320340166886,5999
VEV_5300,45,5,1,-0.16313118798169046,0.14477038021810534,0.1348905308532266,5999
VEV_5300,45,5,2,-0.0061119217229213775,0.008957087905938646,0.0026362657752088126,5998
VEV_5300,45,5,3,0.15293052099751897,-0.13219058450660592,-0.13808176020506835,5999
VEV_5300,45,5,4,0.42243837339552454,-0.36772770017378786,-0.365991357335588,5999
VEV_5300,50,5,0,-0.4037114171251907,0.34497863331706113,0.3423716161178163,5999
VEV_5300,50,5,1,-0.16368340956974903,0.14535565463860306,0.13666508398910088,5999
VEV_5300,50,5,2,-0.006057742245656443,0.009953230246016517,0.0028920538173906538,5998
VEV_5300,50,5,3,0.1538367438022079,-0.1336450194912902,-0.1397094163362454,5999
VEV_5300,50,5,4,0.4246348648555771,-0.3653462215373426,-0.3653517842049041,5999
VEV_5300,55,5,0,-0.4058743319669324,0.34190577557128343,0.3398729261271001,5999
VEV_5300,55,5,1,-0.16421245602255405,0.1459103370427626,0.1354004853351398,5999
VEV_5300,55,5,2,-0.00598954580875215,0.010642962579404502,0.0030851166786760864,5998
VEV_5300,55,5,3,0.15469096261927023,-0.13331574043216024,-0.1387735180057915,5999
VEV_5300,55,5,4,0.4268604265081189,-0.363846942613691,-0.3641018573334804,5999
VEV_5300,60,5,0,-0.4080027510498547,0.34104960199415074,0.3395089412679227,5999
VEV_5300,60,5,1,-0.16476888336749676,0.1435830213733551,0.1320486227227774,5999
VEV_5300,60,5,2,-0.005920502360339509,0.011830691234785955,0.0030851166786760864,5998
VEV_5300,60,5,3,0.15552120922654225,-0.13260036070576114,-0.1378875393718318,5999
VEV_5300,60,5,4,0.4290968158822633,-0.36256636376115753,-0.36301243453567605,5999
VEV_5300,65,5,0,-0.41008118775438707,0.3401410050201051,0.33802563388326234,5999
VEV_5300,65,5,1,-0.16538051424849273,0.1416458184162973,0.1293145766262569,5999
VEV_5300,65,5,2,-0.005830216836285419,0.013017682372089875,0.0031223372002387173,5998
VEV_5300,65,5,3,0.15635181045806823,-0.13154590335566155,-0.13644740403606193,5999
VEV_5300,65,5,4,0.4313115690563826,-0.3619618144526238,-0.3625289148162664,5999
