PEPPER_HISTORY_LENGTH,PEPPER_MUST_SELL_BUY_COEFF,PEPPER_ALPHA,day_-2_profit,day_-1_profit,day_0_profit,total_profit
34,0.37,10,101533,102254,102003,305790
39,0.375,11,101530,102246,102029,305805
39,0.355,9,101526,102355,102074,305955
39,0.36,9,101526,102314,102046,305886
39,0.365,10,101526,102314,102029,305869
39,0.37,10,101526,102336,102004,305866
19,0.42,14,101524,102041,101902,305467
39,0.375,12,101514,102274,101963,305751
34,0.37,11,101514,102192,102020,305726
34,0.38,11,101514,102210,101957,305681
129,0.36,14,101514,102236,101910,305660
99,0.38,15,101513,102167,101946,305626
39,0.38,12,101511,102253,101990,305754
99,0.36,13,101509,102279,101969,305757
29,0.46,17,101509,102136,101899,305544
39,0.345,8,101506,102379,101986,305871
39,0.35,9,101505,102362,102069,305936
34,0.36,10,101505,102271,102024,305800
29,0.4,13,101502,102120,101885,305507
39,0.36,10,101501,102377,102024,305902
39,0.37,11,101501,102224,102024,305749
69,0.38,14,101497,102268,101977,305742
29,0.44,16,101496,102166,101876,305538
49,0.35,9,101490,102329,102066,305885
29,0.38,12,101490,102175,101997,305662
99,0.38,14,101488,102279,102083,305850
129,0.3,5,101487,102277,101670,305434
34,0.35,8,101485,102288,101914,305687
59,0.38,13,101484,102218,102073,305775
49,0.36,8,101483,102225,102062,305770
34,0.34,7,101483,102219,101997,305699
69,0.36,13,101482,102311,101987,305780
29,0.39,13,101481,102210,102024,305715
34,0.38,12,101481,102176,102055,305712
39,0.35,8,101480,102296,102025,305801
49,0.36,11,101480,102265,102050,305795
49,0.35,10,101480,102303,101981,305764
99,0.36,14,101478,102265,101995,305738
34,0.36,9,101477,102290,101911,305678
69,0.36,12,101474,102228,101948,305650
49,0.32,7,101473,102365,102014,305852
49,0.34,8,101473,102344,101971,305788
19,0.42,16,101473,102009,101926,305408
39,0.335,7,101472,102350,102028,305850
49,0.38,13,101472,102198,102005,305675
34,0.39,13,101472,102202,101947,305621
199,0.34,14,101470,102276,102017,305763
49,0.37,12,101469,102232,101968,305669
29,0.37,10,101468,102305,101986,305759
69,0.4,14,101467,102239,102072,305778
49,0.36,10,101466,102358,102062,305886
69,0.36,11,101466,102249,101976,305691
44,0.35,9,101465,102305,102019,305789
39,0.33,7,101465,102358,101899,305722
59,0.32,6,101464,102279,101801,305544
39,0.41,13,101463,102273,101918,305654
49,0.37,13,101462,102247,101977,305686
44,0.34,7,101462,102151,102057,305670
39,0.34,7,101461,102313,101986,305760
49,0.33,7,101461,102284,101970,305715
49,0.33,8,101459,102342,101955,305756
69,0.38,15,101459,102273,101976,305708
129,0.36,13,101459,102223,101997,305679
39,0.34,8,101458,102359,101884,305701
19,0.38,12,101458,102184,101989,305631
49,0.34,7,101456,102181,102040,305677
129,0.3,8,101456,102389,101809,305654
49,0.44,15,101456,102247,101906,305609
39,0.39,13,101455,102267,102020,305742
49,0.42,14,101455,102230,102056,305741
34,0.35,9,101455,102310,101963,305728
29,0.4,14,101455,102185,101918,305558
129,0.34,11,101453,102262,102060,305775
39,0.38,11,101452,102274,101983,305709
34,0.34,8,101451,102298,101981,305730
29,0.37,11,101451,102203,102067,305721
34,0.4,13,101451,102230,101905,305586
29,0.39,12,101450,102189,101980,305619
44,0.34,8,101449,102281,101968,305698
49,0.38,14,101449,102194,101961,305604
39,0.375,10,101448,102355,102013,305816
44,0.36,10,101448,102249,101985,305682
44,0.33,6,101448,102273,101830,305551
99,0.3,7,101447,102251,101855,305553
199,0.34,12,101447,102216,101819,305482
69,0.42,15,101446,102266,102034,305746
59,0.32,7,101446,102311,101986,305743
34,0.35,7,101445,102219,101733,305397
44,0.37,12,101444,102260,101946,305650
129,0.34,13,101444,102172,101931,305547
69,0.34,8,101443,102362,102066,305871
59,0.34,8,101443,102315,101969,305727
199,0.38,18,101442,102152,101969,305563
49,0.33,6,101441,102276,101799,305516
44,0.33,7,101440,102321,101979,305740
99,0.36,12,101440,102290,101992,305722
29,0.42,16,101439,102008,101928,305375
44,0.34,9,101438,102298,102033,305769
49,0.39,13,101438,102290,102012,305740
69,0.32,6,101438,102310,101822,305570
99,0.38,16,101438,102233,101897,305568
129,0.34,14,101438,102198,101894,305530
69,0.32,7,101437,102359,101976,305772
34,0.33,7,101437,102294,101939,305670
59,0.36,10,101436,102321,102071,305828
69,0.34,10,101436,102348,101983,305767
129,0.36,15,101435,102192,101903,305530
129,0.38,14,101434,102218,101921,305573
29,0.36,9,101433,102287,102028,305748
34,0.35,10,101433,102281,102001,305715
129,0.3,9,101433,102317,101832,305582
39,0.44,15,101433,102230,101884,305547
39,0.365,11,101432,102284,102076,305792
99,0.4,16,101432,102187,102100,305719
39,0.335,8,101431,102347,101900,305678
129,0.38,15,101431,102187,102020,305638
99,0.34,10,101430,102339,102069,305838
69,0.36,8,101430,102211,102080,305721
69,0.34,7,101429,102176,102092,305697
29,0.42,15,101429,102134,101912,305475
129,0.3,7,101428,102355,101714,305497
39,0.4,13,101427,102263,101906,305596
99,0.34,9,101426,102360,102028,305814
39,0.355,10,101426,102348,102024,305798
69,0.32,8,101425,102350,101904,305679
49,0.34,9,101424,102295,102058,305777
49,0.35,11,101424,102246,102044,305714
39,0.33,6,101424,102276,101769,305469
44,0.37,11,101423,102213,102088,305724
39,0.33,8,101423,102318,101922,305663
39,0.46,16,101423,102301,101792,305516
29,0.44,15,101423,102120,101877,305420
129,0.36,10,101422,102324,102038,305784
29,0.32,7,101422,102271,101986,305679
39,0.395,13,101422,102286,101913,305621
129,0.38,17,101421,102216,101812,305449
29,0.34,8,101420,102325,101908,305653
129,0.34,9,101420,102249,101973,305642
39,0.41,14,101420,102222,101976,305618
34,0.4,12,101419,102239,101887,305545
299,0.38,20,101419,102054,102001,305474
39,0.365,9,101418,102375,102069,305862
49,0.32,6,101418,102279,101745,305442
69,0.38,13,101417,102251,101951,305619
59,0.36,12,101417,102233,101940,305590
39,0.35,7,101417,102199,101970,305586
99,0.34,12,101416,102307,102015,305738
49,0.37,11,101416,102276,102036,305728
39,0.325,7,101416,102324,101983,305723
49,0.44,16,101416,102221,101977,305614
59,0.36,11,101415,102288,101994,305697
39,0.37,12,101415,102259,101985,305659
129,0.32,8,101414,102330,102005,305749
39,0.4,12,101414,102299,102031,305744
39,0.42,14,101414,102233,102006,305653
39,0.42,17,101414,102105,101946,305465
39,0.48,17,101414,102255,101796,305465
34,0.34,6,101414,102162,101684,305260
29,0.35,7,101413,102280,101891,305584
39,0.345,7,101413,102187,101948,305548
39,0.44,14,101413,102241,101882,305536
39,0.46,15,101413,102305,101692,305410
39,0.32,6,101413,102224,101752,305389
34,0.37,12,101412,102233,102014,305659
34,0.36,8,101412,102235,101975,305622
49,0.4,16,101411,102150,101933,305494
49,0.37,10,101410,102304,102119,305833
39,0.385,11,101410,102254,101967,305631
99,0.3,8,101410,102199,101873,305482
99,0.3,5,101410,102232,101689,305331
39,0.395,12,101409,102260,102019,305688
49,0.36,12,101409,102246,101995,305650
29,0.41,13,101409,102222,101971,305602
129,0.38,16,101409,102187,101908,305504
129,0.28,4,101409,102043,101453,304905
69,0.36,9,101408,102354,102019,305781
39,0.385,13,101408,102226,102036,305670
44,0.36,9,101407,102336,102171,305914
129,0.36,12,101407,102243,102046,305696
99,0.4,15,101407,102250,102020,305677
29,0.42,14,101407,102162,101901,305470
29,0.4,15,101407,102140,101914,305461
69,0.38,10,101406,102318,102113,305837
129,0.34,10,101406,102309,102073,305788
29,0.42,13,101406,102270,102087,305763
29,0.35,8,101406,102293,101858,305557
129,0.4,16,101406,102154,101989,305549
49,0.46,16,101406,102265,101849,305520
39,0.34,6,101406,102245,101813,305464
59,0.34,9,101405,102359,102032,305796
44,0.35,10,101405,102322,101990,305717
44,0.33,8,101404,102291,101957,305652
59,0.34,7,101403,102155,102089,305647
49,0.4,14,101403,102220,101981,305604
49,0.48,17,101403,102304,101829,305536
39,0.345,9,101402,102343,102069,305814
34,0.33,8,101402,102281,101928,305611
29,0.46,15,101402,102255,101832,305489
399,0.34,20,101402,102060,101710,305172
29,0.35,9,101401,102266,102005,305672
69,0.38,16,101401,102273,101858,305532
34,0.33,6,101401,102169,101813,305383
29,0.44,17,101401,101998,101981,305380
49,0.36,13,101400,102262,101971,305633
129,0.4,15,101400,102242,101981,305623
59,0.36,13,101399,102287,102038,305724
44,0.4,13,101399,102256,101994,305649
129,0.3,6,101399,102369,101582,305350
299,0.26,10,101399,102158,101569,305126
49,0.38,11,101398,102242,102024,305664
44,0.38,13,101398,102217,102019,305634
29,0.42,17,101398,102081,101758,305237
44,0.32,7,101397,102361,101991,305749
29,0.33,7,101397,102322,101950,305669
34,0.42,13,101397,102251,101966,305614
69,0.34,9,101396,102310,102086,305792
39,0.335,6,101396,102305,101827,305528
29,0.48,16,101396,102180,101764,305340
44,0.32,6,101395,102226,101780,305401
39,0.325,6,101395,102261,101725,305381
49,0.34,10,101394,102345,101986,305725
29,0.33,8,101394,102262,101924,305580
199,0.42,20,101394,102108,101952,305454
69,0.4,16,101393,102205,101907,305505
49,0.4,12,101392,102256,102111,305759
39,0.35,10,101392,102343,102001,305736
199,0.38,16,101392,102244,102083,305719
29,0.44,14,101392,102226,101970,305588
199,0.38,20,101392,102078,101732,305202
199,0.26,10,101392,102067,101456,304915
34,0.34,9,101391,102297,101966,305654
69,0.4,15,101391,102214,101999,305604
49,0.46,17,101391,102228,101857,305476
299,0.26,8,101391,102284,101642,305317
29,0.33,6,101391,102161,101678,305230
59,0.34,10,101390,102338,101973,305701
69,0.44,17,101390,102170,102042,305602
39,0.38,13,101388,102298,102058,305744
34,0.41,13,101387,102240,101894,305521
99,0.3,6,101387,102263,101744,305394
39,0.39,11,101386,102293,101967,305646
39,0.385,12,101386,102274,101961,305621
39,0.395,14,101386,102204,101973,305563
199,0.34,10,101386,102186,101974,305546
49,0.35,8,101385,102297,102071,305753
29,0.37,12,101385,102188,102062,305635
29,0.34,7,101385,102301,101897,305583
199,0.34,16,101385,102236,101805,305426
49,0.33,9,101384,102299,102022,305705
49,0.42,15,101384,102259,101982,305625
39,0.4,14,101384,102245,101984,305613
39,0.355,7,101384,102266,101774,305424
29,0.32,6,101384,102310,101694,305388
39,0.325,8,101383,102310,101907,305600
99,0.42,17,101382,102145,101962,305489
129,0.28,6,101382,102158,101511,305051
39,0.335,9,101381,102331,102068,305780
44,0.33,9,101381,102347,102048,305776
39,0.33,9,101381,102274,102032,305687
99,0.36,11,101381,102265,101954,305600
129,0.44,17,101381,102183,101982,305546
99,0.46,18,101381,102197,101924,305502
49,0.37,9,101380,102304,102143,305827
39,0.355,8,101380,102349,102050,305779
39,0.34,9,101380,102310,102057,305747
129,0.32,10,101380,102237,102022,305639
39,0.32,7,101380,102310,101909,305599
129,0.38,13,101380,102218,101969,305567
69,0.46,18,101380,102146,102017,305543
129,0.32,12,101380,102255,101859,305494
34,0.38,13,101379,102199,101988,305566
44,0.41,13,101378,102277,102053,305708
34,0.39,12,101378,102257,101997,305632
29,0.36,10,101377,102271,102031,305679
29,0.36,8,101376,102315,101964,305655
129,0.3,13,101376,102186,101735,305297
199,0.26,6,101376,102157,101430,304963
59,0.36,8,101375,102203,102140,305718
49,0.41,13,101375,102260,102043,305678
199,0.42,16,101375,102221,101962,305558
99,0.34,13,101375,102216,101949,305540
39,0.345,6,101375,102295,101733,305403
44,0.37,10,101374,102336,102061,305771
49,0.39,12,101374,102257,102087,305718
49,0.38,12,101374,102242,102091,305707
39,0.375,15,101374,102177,102029,305580
69,0.42,16,101374,102197,101907,305478
29,0.34,6,101374,102325,101750,305449
39,0.36,7,101373,102290,101809,305472
39,0.35,6,101373,102287,101580,305240
99,0.44,17,101371,102148,101995,305514
39,0.44,16,101371,102141,101921,305433
399,0.34,18,101370,102139,101827,305336
129,0.32,9,101369,102337,102018,305724
49,0.4,13,101369,102266,101979,305614
129,0.36,16,101369,102193,101950,305512
39,0.32,5,101369,102274,101675,305318
29,0.37,9,101368,102273,102050,305691
39,0.39,12,101368,102233,101969,305570
299,0.3,10,101368,102102,101840,305310
39,0.33,13,101368,102043,101893,305304
19,0.34,8,101367,102270,101911,305548
39,0.34,15,101367,102088,101897,305352
44,0.39,12,101366,102244,102011,305621
129,0.4,17,101366,102142,102017,305525
99,0.32,6,101366,102327,101737,305430
99,0.34,7,101366,102185,101769,305320
39,0.44,17,101365,102174,101877,305416
39,0.365,15,101365,102127,101916,305408
44,0.36,11,101364,102285,102074,305723
99,0.34,11,101364,102303,102023,305690
129,0.34,12,101364,102258,102029,305651
129,0.3,10,101363,102332,101879,305574
69,0.44,15,101363,102248,101957,305568
199,0.3,12,101363,102291,101906,305560
99,0.3,9,101363,102281,101882,305526
99,0.3,10,101363,102266,101892,305521
49,0.44,17,101363,102144,101881,305388
129,0.46,18,101363,102189,101828,305380
39,0.375,13,101362,102253,102006,305621
39,0.365,12,101362,102296,101961,305619
29,0.38,11,101362,102245,101928,305535
44,0.35,8,101361,102312,102071,305744
69,0.44,16,101361,102242,102049,305652
19,0.38,10,101361,102250,101933,305544
59,0.4,13,101360,102248,102073,305681
34,0.36,11,101360,102229,102053,305642
39,0.44,18,101360,102077,101892,305329
39,0.365,8,101359,102336,101945,305640
129,0.42,17,101359,102183,101992,305534
299,0.3,12,101359,102286,101831,305476
69,0.46,16,101359,102318,101693,305370
39,0.48,16,101358,102287,101791,305436
69,0.34,11,101357,102279,102028,305664
39,0.37,8,101357,102262,101981,305600
44,0.36,12,101357,102191,102034,305582
34,0.39,11,101357,102254,101919,305530
69,0.34,6,101357,102202,101662,305221
99,0.34,8,101355,102317,102091,305763
29,0.36,11,101355,102234,102032,305621
34,0.41,12,101355,102245,102018,305618
39,0.32,13,101355,102037,101878,305270
39,0.46,19,101355,102082,101819,305256
49,0.4,15,101354,102213,101981,305548
129,0.44,20,101354,102196,101962,305512
39,0.4,15,101354,102160,101948,305462
59,0.34,6,101354,102121,101789,305264
49,0.33,11,101353,102284,102006,305643
34,0.38,10,101353,102338,101948,305639
99,0.38,13,101353,102284,101892,305529
39,0.33,14,101353,102037,101943,305333
399,0.38,20,101353,102065,101890,305308
49,0.36,9,101352,102291,102125,305768
99,0.36,10,101352,102270,102143,305765
129,0.28,5,101352,102177,101510,305039
34,0.37,9,101351,102348,101963,305662
39,0.32,8,101351,102286,101891,305528
44,0.34,13,101351,102172,101972,305495
39,0.37,15,101351,102171,101925,305447
129,0.32,11,101351,102197,101875,305423
39,0.42,13,101350,102303,101986,305639
29,0.48,15,101350,102304,101846,305500
19,0.42,12,101350,102225,101898,305473
129,0.34,20,101350,101892,101579,304821
69,0.38,12,101349,102260,102035,305644
39,0.39,14,101349,102205,102013,305567
49,0.42,17,101349,102095,101865,305309
44,0.4,12,101348,102284,102093,305725
129,0.36,11,101348,102231,101972,305551
29,0.46,16,101348,102182,101925,305455
29,0.48,17,101348,102231,101794,305373
99,0.32,7,101347,102388,102055,305790
129,0.34,15,101347,102215,101867,305429
129,0.42,19,101347,102190,101872,305409
69,0.32,5,101347,101967,101636,304950
44,0.37,13,101346,102179,101962,305487
49,0.38,15,101346,102261,101871,305478
39,0.4,16,101346,102089,101939,305374
29,0.34,14,101346,102063,101913,305322
59,0.36,9,101345,102293,102103,305741
69,0.36,10,101345,102309,101992,305646
99,0.42,16,101345,102242,102032,305619
39,0.42,16,101344,102173,101973,305490
99,0.46,16,101344,102307,101795,305446
69,0.46,17,101344,102286,101794,305424
29,0.32,14,101344,102018,101789,305151
299,0.26,6,101344,102094,101490,304928
199,0.26,8,101344,102029,101437,304810
19,0.34,6,101343,102128,101798,305269
59,0.34,12,101342,102235,102064,305641
44,0.38,11,101342,102226,102002,305570
69,0.38,9,101342,102219,101923,305484
19,0.34,12,101342,102179,101875,305396
69,0.46,21,101342,102075,101861,305278
129,0.42,16,101341,102227,101949,305517
39,0.38,16,101341,102186,101901,305428
69,0.48,17,101341,102314,101765,305420
129,0.4,18,101341,102163,101804,305308
399,0.34,16,101341,102151,101734,305226
39,0.44,19,101340,101990,101798,305128
59,0.32,10,101339,102254,102017,305610
34,0.33,9,101339,102246,101998,305583
49,0.38,16,101339,102202,101910,305451
49,0.35,12,101338,102235,102013,305586
129,0.32,7,101338,102383,101722,305443
34,0.35,6,101338,102263,101535,305136
44,0.39,13,101337,102247,102048,305632
69,0.36,14,101337,102334,101946,305617
39,0.37,13,101337,102211,102003,305551
39,0.41,15,101337,102236,101938,305511
39,0.36,12,101337,102198,101961,305496
34,0.36,12,101337,102200,101958,305495
99,0.48,17,101337,102307,101818,305462
39,0.335,14,101337,102060,101958,305355
129,0.48,18,101337,102198,101770,305305
39,0.38,15,101336,102136,101998,305470
299,0.34,18,101336,102106,101899,305341
39,0.38,10,101335,102355,102078,305768
49,0.36,14,101335,102291,101996,305622
99,0.4,14,101335,102237,101943,305515
69,0.48,18,101335,102256,101851,305442
39,0.36,14,101335,102153,101952,305440
34,0.33,11,101334,102178,101946,305458
99,0.44,19,101334,102126,101988,305448
34,0.32,6,101334,102351,101709,305394
39,0.335,13,101333,102085,101971,305389
49,0.32,14,101333,102041,101916,305290
129,0.46,17,101332,102287,101725,305344
129,0.32,14,101332,102176,101820,305328
49,0.42,13,101331,102255,101962,305548
44,0.32,12,101331,102160,101919,305410
69,0.3,5,101331,102146,101768,305245
99,0.32,8,101330,102368,102015,305713
39,0.36,11,101330,102284,102044,305658
49,0.42,16,101330,102200,101823,305353
44,0.35,7,101329,102238,101966,305533
34,0.34,10,101328,102251,101984,305563
34,0.37,13,101328,102161,101995,305484
39,0.365,13,101328,102142,102013,305483
39,0.37,14,101328,102188,101965,305481
129,0.46,20,101328,102192,101922,305442
39,0.375,14,101328,102142,101971,305441
44,0.34,6,101328,102269,101813,305410
39,0.34,14,101328,102055,102000,305383
39,0.345,14,101328,102055,101957,305340
44,0.32,10,101327,102252,102082,305661
29,0.34,9,101327,102269,102028,305624
44,0.35,12,101327,102274,102009,305610
39,0.46,18,101327,102218,101892,305437
129,0.42,18,101327,102183,101868,305378
129,0.3,14,101327,102186,101811,305324
39,0.34,17,101327,101986,101658,304971
39,0.36,8,101326,102320,102058,305704
29,0.35,10,101326,102267,102026,305619
29,0.35,11,101326,102214,102029,305569
34,0.36,7,101326,102288,101762,305376
129,0.44,19,101326,102171,101872,305369
129,0.38,18,101326,102169,101851,305346
34,0.33,13,101326,102022,101923,305271
29,0.41,12,101325,102285,102094,305704
299,0.34,16,101325,102180,101965,305470
69,0.42,17,101325,102169,101914,305408
69,0.46,20,101325,102196,101845,305366
69,0.38,11,101324,102305,102025,305654
69,0.48,19,101324,102174,101960,305458
129,0.48,19,101324,102228,101828,305380
69,0.42,19,101324,102137,101808,305269
39,0.28,5,101324,101975,101414,304713
44,0.34,10,101323,102357,102026,305706
99,0.44,16,101323,102221,101899,305443
99,0.3,16,101323,102000,101572,304895
299,0.38,18,101322,102270,102058,305650
49,0.34,13,101322,102284,101956,305562
39,0.355,13,101322,102152,101982,305456
129,0.4,19,101322,102211,101867,305400
99,0.38,11,101321,102230,102029,305580
39,0.34,11,101321,102158,102014,305493
44,0.33,12,101321,102167,101989,305477
39,0.385,14,101321,102188,101962,305471
129,0.44,16,101321,102271,101812,305404
39,0.34,13,101321,102085,101972,305378
39,0.345,15,101321,102088,101943,305352
49,0.4,17,101321,102146,101883,305350
39,0.355,15,101321,102055,101923,305299
39,0.325,13,101321,102069,101878,305268
99,0.3,12,101321,102121,101754,305196
39,0.46,20,101321,102046,101790,305157
44,0.32,8,101320,102348,101950,305618
49,0.35,7,101320,102203,102013,305536
99,0.4,18,101320,102219,101873,305412
39,0.325,14,101320,102041,101820,305181
69,0.34,14,101319,102134,101995,305448
69,0.44,20,101319,102155,101863,305337
129,0.36,17,101319,102195,101815,305329
69,0.4,17,101319,102158,101836,305313
19,0.3,10,101319,102112,101786,305217
39,0.37,9,101318,102340,102073,305731
39,0.375,9,101318,102312,102076,305706
199,0.34,18,101318,102073,101633,305024
49,0.33,10,101317,102230,102075,305622
39,0.355,12,101317,102218,101990,305525
29,0.38,13,101317,102193,101928,305438
39,0.42,15,101317,102153,101960,305430
69,0.4,18,101317,102152,101851,305320
34,0.34,13,101317,102058,101922,305297
99,0.36,9,101316,102302,102111,305729
29,0.39,11,101316,102244,102010,305570
29,0.36,7,101316,102194,101903,305413
69,0.3,7,101316,102238,101853,305407
39,0.35,15,101316,102083,101887,305286
39,0.35,11,101315,102239,102067,305621
39,0.335,12,101315,102217,102020,305552
29,0.32,8,101315,102197,101903,305415
19,0.34,14,101315,102178,101871,305364
39,0.325,12,101315,102152,101883,305350
129,0.48,21,101315,102083,101937,305335
49,0.46,15,101315,102271,101708,305294
129,0.32,17,101315,101998,101881,305194
39,0.44,20,101315,102040,101714,305069
129,0.32,18,101315,101954,101735,305004
49,0.33,12,101314,102296,102061,305671
34,0.32,7,101314,102339,101954,305607
34,0.37,8,101314,102284,101970,305568
129,0.46,19,101314,102197,101885,305396
69,0.3,6,101314,102277,101718,305309
129,0.3,15,101314,102156,101831,305301
129,0.34,17,101314,102168,101710,305192
29,0.38,10,101313,102273,102080,305666
29,0.37,8,101313,102163,102004,305480
44,0.36,7,101313,102282,101845,305440
299,0.3,16,101313,102266,101816,305395
29,0.34,15,101313,101997,101991,305301
399,0.3,18,101313,102082,101777,305172
39,0.46,21,101313,101987,101657,304957
44,0.36,13,101312,102213,102000,305525
99,0.48,18,101312,102259,101800,305371
39,0.46,17,101312,102195,101853,305360
399,0.26,10,101312,102252,101634,305198
59,0.34,11,101311,102275,102101,305687
69,0.32,10,101311,102298,102009,305618
199,0.38,14,101311,102146,102000,305457
129,0.44,18,101310,102219,102025,305554
49,0.34,14,101310,102110,101964,305384
29,0.35,6,101310,102134,101648,305092
29,0.4,12,101309,102222,102040,305571
39,0.48,18,101309,102225,101948,305482
19,0.38,14,101309,102114,101934,305357
129,0.48,20,101309,102164,101815,305288
19,0.38,8,101309,102052,101759,305120
29,0.32,15,101309,101957,101789,305055
99,0.32,9,101308,102325,102025,305658
44,0.38,12,101308,102226,102067,305601
39,0.365,14,101308,102188,101996,305492
39,0.36,13,101308,102188,101974,305470
299,0.34,14,101308,102177,101894,305379
99,0.4,17,101308,102153,101881,305342
44,0.33,13,101308,102090,101935,305333
39,0.32,14,101308,102041,101797,305146
69,0.32,18,101308,101941,101626,304875
129,0.28,9,101307,102308,101682,305297
299,0.3,20,101307,102003,101664,304974
99,0.34,14,101306,102220,101911,305437
299,0.34,12,101306,102173,101783,305262
129,0.32,21,101306,101781,101697,304784
59,0.32,11,101305,102214,102054,305573
129,0.34,8,101305,102238,101969,305512
49,0.33,13,101305,102060,101903,305268
99,0.3,15,101305,102019,101720,305044
39,0.48,21,101305,101927,101786,305018
44,0.36,8,101304,102307,102061,305672
129,0.32,13,101304,102279,101815,305398
129,0.32,16,101304,102138,101915,305357
29,0.33,9,101303,102250,102013,305566
399,0.3,16,101303,102166,101819,305288
299,0.34,20,101303,102116,101752,305171
49,0.32,9,101302,102334,102060,305696
69,0.4,13,101302,102285,102031,305618
99,0.42,15,101302,102231,102001,305534
59,0.32,8,101302,102302,101895,305499
29,0.35,13,101302,102211,101875,305388
99,0.34,15,101302,102166,101895,305363
99,0.3,13,101302,102043,101916,305261
99,0.32,18,101302,101962,101702,304966
99,0.32,17,101302,101954,101668,304924
129,0.28,13,101302,102016,101567,304885
129,0.3,18,101302,101939,101494,304735
199,0.26,14,101302,101954,101451,304707
49,0.34,12,101301,102296,102037,305634
44,0.37,8,101301,102215,102005,305521
69,0.32,12,101301,102208,101986,305495
69,0.34,13,101301,102208,101928,305437
129,0.3,12,101301,102297,101688,305286
69,0.44,19,101301,102100,101828,305229
199,0.34,20,101301,102062,101721,305084
39,0.41,12,101300,102300,102022,305622
29,0.35,12,101300,102248,101931,305479
129,0.34,19,101300,101956,101812,305068
99,0.34,19,101300,101942,101762,305004
99,0.28,4,101300,102093,101469,304862
199,0.42,18,101299,102230,101998,305527
69,0.32,17,101299,101940,101628,304867
29,0.41,11,101298,102309,102103,305710
59,0.34,13,101298,102199,102000,305497
69,0.44,18,101298,102122,101906,305326
69,0.44,21,101298,101983,101732,305013
39,0.34,10,101297,102301,102034,305632
39,0.32,12,101297,102081,101883,305261
129,0.32,19,101297,101912,101647,304856
19,0.3,8,101296,102358,101799,305453
49,0.34,6,101296,102214,101795,305305
29,0.36,15,101296,102107,101896,305299
49,0.34,17,101296,102082,101743,305121
29,0.3,12,101296,101942,101679,304917
59,0.32,9,101295,102333,102035,305663
99,0.3,11,101295,102215,101714,305224
29,0.32,13,101295,101980,101824,305099
44,0.33,11,101294,102235,101934,305463
99,0.42,19,101294,102142,101878,305314
39,0.34,16,101294,101967,101954,305215
129,0.28,8,101294,102109,101604,305007
99,0.34,20,101294,101948,101762,305004
129,0.28,12,101294,102034,101642,304970
49,0.32,8,101293,102326,101923,305542
39,0.34,12,101293,102193,102020,305506
34,0.33,12,101293,102119,101868,305280
399,0.3,14,101293,102249,101737,305279
39,0.38,9,101292,102341,102033,305666
59,0.38,12,101292,102232,102070,305594
44,0.35,11,101292,102218,102049,305559
29,0.36,13,101292,102231,101962,305485
99,0.32,12,101292,102246,101860,305398
129,0.3,11,101292,102313,101777,305382
29,0.32,12,101292,102227,101783,305302
99,0.46,17,101292,102204,101792,305288
99,0.3,4,101292,101829,101553,304674
39,0.395,11,101291,102278,102071,305640
29,0.33,10,101291,102232,102014,305537
39,0.38,14,101291,102150,101997,305438
44,0.32,13,101291,102041,101906,305238
34,0.34,12,101290,102220,101912,305422
39,0.35,12,101290,102175,101935,305400
39,0.345,12,101290,102159,101943,305392
99,0.3,17,101290,101914,101439,304643
69,0.32,11,101289,102236,101977,305502
129,0.42,15,101289,102209,101840,305338
129,0.32,15,101289,102138,101799,305226
299,0.3,14,101288,102270,101788,305346
29,0.36,14,101288,102210,101800,305298
399,0.3,12,101288,102140,101790,305218
39,0.4,11,101287,102282,102110,305679
99,0.46,20,101287,102170,101974,305431
99,0.42,20,101287,102121,101736,305144
399,0.3,10,101287,101944,101635,304866
44,0.38,10,101286,102307,102112,305705
44,0.39,11,101286,102278,102129,305693
29,0.34,11,101286,102291,102018,305595
99,0.36,15,101286,102230,101934,305450
99,0.32,21,101286,101826,101588,304700
39,0.345,10,101285,102333,102021,305639
34,0.34,11,101285,102248,102047,305580
29,0.36,12,101285,102258,102019,305562
34,0.32,8,101285,102246,101976,305507
39,0.345,13,101285,102180,101972,305437
19,0.3,6,101285,102264,101706,305255
129,0.28,10,101285,102161,101659,305105
34,0.4,11,101284,102336,102107,305727
129,0.38,12,101284,102232,101973,305489
29,0.34,12,101284,102260,101924,305468
129,0.3,16,101284,102113,101769,305166
299,0.3,18,101284,102073,101769,305126
49,0.35,13,101283,102284,102021,305588
29,0.34,10,101283,102265,101998,305546
69,0.36,7,101283,102234,101781,305298
19,0.38,16,101283,102119,101887,305289
49,0.32,13,101283,102102,101887,305272
39,0.385,10,101282,102346,102071,305699
29,0.37,13,101282,102250,101952,305484
99,0.46,19,101282,102179,101986,305447
39,0.35,14,101282,102097,101967,305346
39,0.355,14,101282,102097,101967,305346
49,0.36,15,101282,102073,101915,305270
99,0.28,12,101282,101972,101653,304907
299,0.3,8,101282,101966,101581,304829
99,0.28,13,101282,101952,101550,304784
44,0.35,13,101281,102235,102024,305540
199,0.3,10,101281,102312,101794,305387
99,0.48,19,101281,102151,101788,305220
29,0.46,14,101280,102306,101901,305487
44,0.32,11,101280,102153,102021,305454
39,0.33,12,101280,102167,101894,305341
49,0.34,16,101280,102052,101864,305196
129,0.4,20,101280,102068,101745,305093
39,0.28,6,101280,102113,101540,304933
129,0.36,19,101279,102061,101723,305063
129,0.36,20,101279,102057,101685,305021
99,0.36,21,101279,101895,101714,304888
99,0.34,18,101279,101948,101609,304836
99,0.42,18,101278,102177,101940,305395
129,0.4,14,101278,102218,101885,305381
49,0.32,12,101278,102148,101919,305345
39,0.3,4,101278,101960,101581,304819
129,0.26,6,101278,101904,101288,304470
99,0.32,14,101277,102166,101885,305328
39,0.345,11,101276,102253,102046,305575
99,0.32,13,101276,102208,101846,305330
29,0.34,13,101276,102172,101880,305328
69,0.42,18,101276,102183,101845,305304
29,0.3,6,101276,102150,101825,305251
199,0.3,18,101276,101958,101831,305065
49,0.32,16,101276,102035,101708,305019
199,0.26,12,101276,102002,101528,304806
99,0.3,18,101276,101883,101599,304758
99,0.46,21,101275,102056,101816,305147
69,0.32,16,101275,102028,101764,305067
129,0.28,7,101275,102116,101631,305022
69,0.32,9,101274,102319,102054,305647
129,0.42,14,101274,102251,101942,305467
129,0.4,13,101274,102281,101883,305438
99,0.44,18,101274,102183,101963,305420
129,0.28,11,101274,102073,101506,304853
29,0.3,7,101273,102228,101794,305295
39,0.48,20,101273,102005,101804,305082
39,0.34,18,101273,101892,101643,304808
49,0.34,15,101272,102052,101964,305288
129,0.44,15,101272,102293,101722,305287
39,0.42,18,101272,102054,101785,305111
39,0.3,6,101272,102140,101634,305046
99,0.32,19,101272,101946,101710,304928
39,0.28,4,101272,101993,101369,304634
29,0.44,13,101271,102243,102068,305582
129,0.46,21,101271,102084,101939,305294
99,0.44,20,101271,102176,101842,305289
69,0.4,19,101271,102121,101878,305270
39,0.36,15,101271,102055,101903,305229
99,0.34,21,101271,101897,101625,304793
69,0.36,17,101270,102094,101875,305239
99,0.36,18,101270,102008,101726,305004
99,0.36,19,101270,102024,101708,305002
129,0.3,21,101270,101877,101531,304678
34,0.38,9,101269,102345,102110,305724
39,0.335,10,101269,102239,102074,305582
69,0.46,19,101269,102158,101963,305390
299,0.42,20,101269,102113,101850,305232
99,0.38,12,101268,102209,102035,305512
29,0.38,14,101268,102208,101965,305441
49,0.48,16,101268,102243,101780,305291
99,0.36,17,101268,102102,101844,305214
199,0.3,20,101268,101982,101610,304860
69,0.28,4,101268,102013,101451,304732
199,0.26,18,101268,101796,101380,304444
59,0.38,10,101267,102289,102138,305694
34,0.36,13,101267,102165,101989,305421
69,0.32,13,101267,102089,101892,305248
39,0.32,17,101267,101865,101669,304801
29,0.32,9,101266,102289,102019,305574
29,0.32,11,101266,102192,101976,305434
49,0.32,15,101266,102049,101955,305270
399,0.26,12,101266,102198,101625,305089
129,0.3,17,101266,101994,101601,304861
99,0.3,14,101265,102013,101856,305134
39,0.32,16,101265,101965,101661,304891
39,0.32,18,101265,101820,101492,304577
44,0.34,11,101264,102237,102090,305591
39,0.325,11,101264,102203,101887,305354
44,0.37,9,101263,102326,102071,305660
19,0.34,10,101263,102259,101991,305513
399,0.26,6,101263,102007,101617,304887
29,0.39,10,101262,102313,102125,305700
39,0.355,11,101262,102300,102044,305606
29,0.4,11,101262,102291,102026,305579
29,0.44,12,101262,102199,101942,305403
69,0.36,15,101262,102216,101876,305354
34,0.32,13,101262,102056,101822,305140
99,0.36,20,101262,101928,101886,305076
69,0.34,12,101261,102369,101974,305604
69,0.42,14,101261,102248,102053,305562
99,0.44,15,101261,102277,101993,305531
99,0.48,20,101261,102172,101977,305410
39,0.38,17,101261,102009,101848,305118
39,0.48,19,101260,102197,101920,305377
129,0.46,16,101260,102300,101758,305318
99,0.28,5,101260,102127,101548,304935
19,0.42,18,101260,101959,101688,304907
49,0.38,10,101259,102327,102064,305650
69,0.4,12,101259,102266,102039,305564
69,0.46,15,101259,102312,101878,305449
99,0.32,11,101259,102261,101927,305447
129,0.34,18,101259,102058,101805,305122
69,0.42,20,101259,101997,101838,305094
99,0.34,17,101259,102076,101682,305017
69,0.34,19,101259,101956,101687,304902
69,0.28,6,101259,102035,101582,304876
129,0.28,15,101259,101915,101541,304715
99,0.3,19,101259,101878,101550,304687
59,0.38,11,101258,102244,102048,305550
49,0.38,17,101258,102086,101880,305224
59,0.36,7,101258,102186,101739,305183
129,0.34,16,101258,102164,101706,305128
99,0.28,9,101258,102193,101608,305059
49,0.35,6,101258,102143,101645,305046
19,0.3,4,101258,102105,101415,304778
49,0.32,11,101257,102272,101998,305527
99,0.34,16,101257,102085,101910,305252
69,0.38,19,101257,101996,101828,305081
39,0.3,12,101257,101947,101807,305011
69,0.42,13,101256,102255,101951,305462
69,0.48,16,101256,102315,101815,305386
29,0.33,13,101256,102079,101799,305134
69,0.42,21,101256,102058,101637,304951
49,0.32,17,101256,101941,101675,304872
69,0.44,14,101255,102264,101945,305464
99,0.48,21,101255,102090,101991,305336
39,0.44,21,101255,101951,101660,304866
39,0.325,9,101254,102246,102052,305552
129,0.38,11,101254,102245,101997,305496
39,0.335,11,101254,102153,102013,305420
99,0.28,8,101254,102125,101685,305064
34,0.42,12,101253,102342,102038,305633
44,0.34,12,101253,102247,102020,305520
39,0.37,7,101253,102256,101632,305141
129,0.36,18,101253,102062,101714,305029
129,0.32,6,101252,102257,101798,305307
39,0.32,11,101252,102153,101887,305292
29,0.4,16,101252,102159,101866,305277
129,0.38,19,101252,102014,101723,304989
99,0.28,11,101252,102041,101630,304923
399,0.22,8,101263,101925,101252,304440
39,0.39,10,101250,102341,102098,305689
199,0.3,8,101250,102307,101764,305321
69,0.38,17,101250,102121,101871,305242
99,0.4,13,101249,102217,101987,305453
39,0.39,15,101249,102147,102024,305420
399,0.3,20,101249,102184,101588,305021
129,0.28,14,101249,102009,101625,304883
39,0.28,7,101249,102003,101573,304825
49,0.37,8,101248,102218,101916,305382
39,0.3,7,101248,102120,101841,305209
29,0.38,16,101248,102081,101825,305154
129,0.4,21,101248,102010,101756,305014
29,0.3,11,101248,102024,101687,304959
99,0.36,8,101247,102186,101810,305243
199,0.34,8,101247,102158,101486,304891
59,0.42,13,101246,102274,101962,305482
69,0.3,8,101246,102222,101865,305333
39,0.4,17,101246,102186,101824,305256
129,0.42,20,101246,102013,101828,305087
129,0.26,7,101246,102028,101433,304707
29,0.37,7,101245,102211,101702,305158
99,0.44,21,101245,102054,101819,305118
299,0.26,12,101245,102192,101579,305016
49,0.39,11,101244,102250,102103,305597
49,0.44,14,101244,102229,101984,305457
39,0.34,21,101244,101700,101653,304597
29,0.42,12,101243,102258,102042,305543
29,0.33,12,101243,102207,101895,305345
69,0.38,18,101243,102105,101884,305232
39,0.32,10,101242,102203,102007,305452
129,0.42,21,101242,102059,101771,305072
129,0.38,20,101242,102038,101707,304987
29,0.3,13,101242,101897,101681,304820
69,0.4,11,101241,102274,102011,305526
99,0.32,10,101241,102238,101959,305438
59,0.32,12,101241,102176,101933,305350
39,0.365,7,101241,102291,101813,305345
29,0.34,17,101241,102002,101864,305107
39,0.32,15,101241,101973,101836,305050
99,0.28,10,101241,102044,101642,304927
129,0.38,21,101241,102003,101539,304783
199,0.26,16,101241,101785,101471,304497
39,0.42,12,101240,102254,102023,305517
39,0.325,10,101240,102224,102042,305506
69,0.38,20,101240,102035,101824,305099
99,0.42,21,101240,102001,101756,304997
69,0.36,19,101240,101994,101737,304971
39,0.35,13,101239,102156,102020,305415
39,0.33,11,101239,102205,101929,305373
39,0.36,16,101239,102083,101870,305192
99,0.32,20,101239,101895,101551,304685
69,0.3,9,101238,102273,101954,305465
99,0.32,15,101238,102089,101974,305301
99,0.46,15,101238,102274,101762,305274
39,0.36,18,101238,101938,101816,304992
69,0.48,21,101237,102086,101869,305192
34,0.35,13,101236,102183,101960,305379
39,0.4,18,101236,101968,101724,304928
19,0.3,12,101235,102036,101652,304923
39,0.36,19,101235,101923,101723,304881
99,0.28,6,101235,102052,101408,304695
34,0.32,10,101234,102252,102018,305504
129,0.36,9,101234,102194,102013,305441
34,0.35,12,101234,102226,101955,305415
29,0.36,6,101234,102161,101653,305048
299,0.26,18,101234,101912,101580,304726
99,0.34,6,101234,101984,101502,304720
199,0.26,4,101344,101853,101233,304430
59,0.4,12,101232,102259,102050,305541
99,0.28,7,101232,102047,101611,304890
69,0.3,4,101232,101896,101638,304766
99,0.32,16,101231,102038,101808,305077
69,0.36,18,101231,101966,101800,304997
69,0.28,12,101231,101886,101584,304701
129,0.3,20,101231,101780,101570,304581
69,0.28,13,101231,101898,101426,304555
99,0.4,12,101230,102258,101968,305456
29,0.33,11,101230,102195,101957,305382
129,0.44,21,101230,102002,101835,305067
69,0.28,5,101230,102062,101494,304786
39,0.375,8,101229,102251,101865,305345
44,0.35,6,101229,102277,101727,305233
99,0.28,14,101229,101902,101487,304618
199,0.26,20,101229,101818,101384,304431
99,0.4,19,101228,102193,101816,305237
39,0.4,19,101228,102053,101834,305115
199,0.3,6,101228,102037,101595,304860
44,0.33,10,101227,102223,102100,305550
39,0.33,10,101227,102193,102051,305471
199,0.3,16,101227,102128,101709,305064
59,0.4,11,101226,102361,102097,305684
99,0.42,14,101226,102228,101850,305304
69,0.34,17,101226,102060,101753,305039
69,0.36,20,101226,101948,101803,304977
39,0.34,5,101226,101942,101432,304600
49,0.32,10,101225,102285,102107,305617
39,0.48,15,101225,102300,101913,305438
69,0.48,20,101225,102142,102037,305404
49,0.37,7,101225,102203,101767,305195
49,0.36,16,101225,102078,101887,305190
29,0.42,11,101224,102260,101986,305470
39,0.36,21,101224,101675,101667,304566
99,0.44,14,101223,102261,101873,305357
39,0.42,19,101223,102056,101689,304968
399,0.26,20,101223,101925,101502,304650
129,0.26,5,101223,101904,101229,304356
49,0.3,9,101222,102236,101967,305425
29,0.38,15,101222,102187,101881,305290
69,0.34,15,101221,102089,101984,305294
39,0.44,13,101220,102264,101907,305391
69,0.34,16,101220,102064,101966,305250
49,0.3,7,101220,102146,101876,305242
129,0.48,17,101220,102293,101700,305213
299,0.22,10,101220,101737,101232,304189
69,0.32,15,101219,102056,101890,305165
49,0.36,7,101218,102253,101766,305237
49,0.3,6,101217,102197,101646,305060
19,0.34,16,101217,101916,101789,304922
99,0.28,15,101217,101844,101310,304371
99,0.28,16,101217,101718,101234,304169
69,0.36,16,101216,102069,101917,305202
39,0.42,20,101215,101949,101695,304859
99,0.48,16,101214,102241,101755,305210
69,0.28,7,101214,102032,101582,304828
299,0.26,16,101214,101930,101577,304721
34,0.38,8,101213,102252,101771,305236
69,0.32,14,101213,102089,101919,305221
39,0.3,13,101213,101900,101650,304763
99,0.38,10,101212,102284,101964,305460
44,0.42,13,101212,102235,101870,305317
34,0.32,12,101211,102077,101891,305179
299,0.34,10,101211,102130,101685,305026
69,0.34,20,101211,101809,101806,304826
49,0.41,12,101209,102265,102056,305530
49,0.3,11,101209,101972,101863,305044
299,0.26,20,101209,101845,101523,304577
39,0.36,6,101208,102002,101358,304568
34,0.39,10,101207,102356,102084,305647
299,0.38,16,101207,102212,101900,305319
299,0.26,4,101206,101974,101422,304602
29,0.4,10,101205,102255,102021,305481
29,0.38,9,101205,102274,101991,305470
39,0.3,5,101205,102050,101621,304876
129,0.36,21,101205,101932,101695,304832
39,0.34,19,101205,101831,101623,304659
69,0.28,9,101204,102046,101719,304969
99,0.36,16,101203,102254,101880,305337
199,0.3,14,101203,102170,101858,305231
49,0.3,13,101203,101924,101794,304921
69,0.32,19,101202,101844,101737,304783
34,0.41,11,101201,102346,102024,305571
49,0.34,11,101201,102242,102084,305527
39,0.32,9,101201,102247,102063,305511
44,0.41,12,101201,102234,101962,305397
59,0.32,13,101201,102072,101873,305146
44,0.37,7,101201,102240,101698,305139
39,0.38,18,101201,102052,101815,305068
39,0.4,20,101201,101986,101725,304912
29,0.46,13,101199,102250,101894,305343
129,0.26,8,101199,102018,101644,304861
129,0.28,17,101199,101780,101360,304339
29,0.3,10,101198,102171,101886,305255
34,0.32,11,101198,102149,101866,305213
39,0.36,17,101198,102021,101789,305008
299,0.26,14,101198,102094,101587,304879
29,0.32,16,101197,101979,101715,304891
34,0.35,11,101196,102206,102034,305436
29,0.39,9,101196,102258,101935,305389
299,0.42,18,101196,102223,101840,305259
39,0.28,9,101196,101986,101670,304852
44,0.4,11,101195,102347,102099,305641
44,0.39,10,101195,102300,102043,305538
29,0.3,9,101195,102223,101910,305328
39,0.28,8,101195,102031,101656,304882
44,0.36,6,101195,102152,101415,304762
44,0.32,9,101193,102247,102077,305517
49,0.36,17,101193,102094,101869,305156
39,0.3,10,101192,102106,101772,305070
69,0.38,8,101192,102159,101709,305060
59,0.38,9,101190,102335,102012,305537
69,0.34,18,101190,101934,101748,304872
39,0.355,6,101190,102167,101493,304850
299,0.3,6,101190,101979,101337,304506
399,0.22,10,101190,101921,101252,304363
129,0.34,7,101189,102150,101703,305042
69,0.28,11,101189,101945,101566,304700
129,0.34,21,101189,101772,101642,304603
399,0.26,8,101188,102002,101572,304762
49,0.3,12,101187,101960,101885,305032
39,0.375,7,101187,102240,101511,304938
129,0.32,20,101185,101809,101624,304618
34,0.33,10,101184,102224,102054,305462
29,0.32,10,101183,102192,101930,305305
29,0.3,8,101183,102242,101852,305277
29,0.4,17,101182,102154,101755,305091
29,0.36,16,101182,102079,101799,305060
39,0.32,20,101182,101712,101601,304495
99,0.3,20,101182,101840,101473,304495
99,0.38,17,101181,102251,101841,305273
39,0.38,8,101181,102283,101782,305246
399,0.26,16,101181,102139,101573,304893
39,0.46,14,101180,102312,101917,305409
29,0.41,10,101180,102250,101945,305375
39,0.38,19,101180,101986,101743,304909
99,0.38,19,101180,102012,101686,304878
399,0.22,6,101180,102065,101308,304553
129,0.28,16,101180,101785,101546,304511
29,0.34,16,101179,102023,101974,305176
129,0.26,4,101201,101879,101178,304258
49,0.4,11,101177,102341,102085,305603
99,0.42,13,101177,102273,102025,305475
34,0.37,7,101176,102260,101693,305129
99,0.38,21,101176,102010,101880,305066
39,0.385,9,101175,102335,101989,305499
39,0.48,14,101175,102245,101939,305359
29,0.38,8,101175,102211,101947,305333
34,0.36,6,101174,102262,101372,304808
129,0.26,9,101174,101875,101566,304615
34,0.32,9,101173,102293,102070,305536
39,0.3,11,101173,102012,101864,305049
69,0.28,10,101173,101929,101589,304691
399,0.22,20,101173,101713,101303,304189
29,0.46,12,101172,102255,101894,305321
29,0.44,11,101172,102262,101881,305315
129,0.3,19,101172,101866,101543,304581
99,0.38,20,101171,102004,101697,304872
39,0.3,9,101170,102125,101935,305230
39,0.3,8,101169,102220,101971,305360
399,0.26,18,101169,102033,101430,304632
49,0.3,8,101168,102240,101958,305366
39,0.42,21,101168,101986,101695,304849
44,0.38,9,101167,102300,102083,305550
69,0.4,21,101167,102045,101791,305003
39,0.34,20,101167,101806,101638,304611
69,0.28,8,101166,102090,101782,305038
49,0.3,10,101165,102088,101937,305190
39,0.36,20,101165,101858,101697,304720
69,0.32,20,101163,101801,101593,304557
69,0.32,4,101163,101763,101537,304463
399,0.3,8,101162,102069,101537,304768
69,0.28,15,101162,101796,101300,304258
99,0.3,21,101161,101788,101426,304375
69,0.38,21,101160,101936,101848,304944
399,0.22,4,101160,101804,101285,304249
49,0.48,15,101159,102268,101864,305291
39,0.38,20,101159,101813,101706,304678
99,0.26,4,101159,101872,101221,304252
39,0.395,10,101158,102333,102011,305502
69,0.3,15,101158,101919,101788,304865
69,0.28,14,101157,101828,101506,304491
29,0.48,13,101156,102213,101919,305288
39,0.32,4,101156,101933,101658,304747
299,0.38,14,101155,102197,101783,305135
99,0.4,21,101155,102000,101794,304949
69,0.3,16,101154,101919,101557,304630
39,0.32,21,101154,101427,101675,304256
49,0.39,10,101153,102294,102076,305523
129,0.26,10,101153,101784,101608,304545
49,0.38,9,101152,102294,102061,305507
39,0.41,11,101151,102348,102091,305590
29,0.3,14,101151,101905,101729,304785
69,0.44,13,101150,102218,101890,305258
69,0.3,11,101150,102076,101812,305038
69,0.42,12,101149,102210,102079,305438
399,0.34,14,101148,102096,101744,304988
129,0.36,8,101146,102145,101630,304921
39,0.28,10,101146,101847,101591,304584
69,0.3,10,101145,102153,101910,305208
69,0.48,15,101143,102269,101982,305394
399,0.26,14,101143,102128,101565,304836
49,0.39,9,101142,102223,101857,305222
49,0.38,8,101141,102238,101842,305221
129,0.26,12,101141,101807,101564,304512
69,0.4,20,101140,102061,101779,304980
99,0.4,20,101140,102043,101729,304912
99,0.38,18,101139,102121,101827,305087
29,0.4,9,101138,102155,101909,305202
69,0.3,14,101138,101976,101760,304874
99,0.26,6,101138,102068,101411,304617
44,0.42,12,101136,102277,102041,305454
129,0.48,16,101136,102200,101753,305089
44,0.38,8,101135,102272,101828,305235
99,0.26,5,101135,101924,101248,304307
29,0.36,17,101133,102042,101835,305010
99,0.36,7,101133,102084,101610,304827
399,0.38,16,101132,102083,101764,304979
39,0.46,13,101131,102268,102013,305412
99,0.28,17,101131,101838,101323,304292
299,0.22,12,101131,101706,101313,304150
99,0.28,18,101130,101822,101421,304373
129,0.28,21,101128,101806,101419,304353
59,0.42,12,101124,102280,102076,305480
99,0.32,5,101124,101906,101689,304719
44,0.39,9,101123,102327,101868,305318
29,0.38,17,101122,102105,101786,305013
39,0.3,17,101122,101815,101409,304346
399,0.42,20,101121,102145,101783,305049
129,0.3,4,101121,102010,101519,304650
39,0.28,11,101120,101781,101475,304376
99,0.4,11,101119,102277,101831,305227
399,0.22,16,101119,101752,101262,304133
39,0.38,7,101118,102186,101581,304885
49,0.3,16,101118,101891,101553,304562
49,0.3,17,101118,101761,101582,304461
69,0.3,12,101117,101994,101842,304953
39,0.3,16,101116,101887,101547,304550
39,0.3,15,101116,101843,101541,304500
39,0.28,13,101116,101757,101452,304325
39,0.28,12,101115,101761,101327,304203
39,0.3,14,101113,101928,101699,304740
399,0.22,14,101113,101789,101325,304227
39,0.365,6,101112,102011,101358,304481
399,0.22,12,101111,101907,101219,304237
49,0.44,13,101110,102312,101858,305280
39,0.385,8,101109,102248,101703,305060
39,0.39,8,101109,102218,101676,305003
49,0.3,14,101109,101869,101848,304826
129,0.28,20,101109,101935,101386,304430
129,0.28,19,101109,101850,101425,304384
29,0.48,14,101106,102278,101838,305222
69,0.3,13,101106,102006,101796,304908
69,0.32,21,101106,101742,101635,304483
299,0.22,14,101106,101574,101210,303890
39,0.395,8,101103,102202,101540,304845
99,0.26,7,101103,102009,101606,304718
129,0.46,13,101102,102232,101831,305165
399,0.22,18,101100,101709,101293,304102
99,0.42,12,101099,102176,101908,305183
34,0.42,11,101098,102355,101989,305442
59,0.36,6,101098,101954,101534,304586
34,0.39,9,101097,102238,101972,305307
39,0.41,9,101096,102180,101718,304994
34,0.4,10,101095,102325,101998,305418
299,0.22,20,101095,101571,101292,303958
299,0.42,16,101094,102252,101773,305119
49,0.3,15,101094,101884,101571,304549
29,0.42,10,101093,102240,101868,305201
29,0.38,7,101092,102121,101630,304843
399,0.34,12,101092,102178,101555,304825
99,0.38,9,101089,102141,101823,305053
69,0.3,17,101089,101878,101578,304545
199,0.42,14,101087,102244,101822,305153
19,0.26,4,101090,101875,101086,304051
49,0.41,10,101085,102287,101949,305321
44,0.39,8,101085,102271,101692,305048
59,0.38,8,101084,102147,101835,305066
49,0.36,6,101084,102079,101496,304659
129,0.34,6,101083,101995,101428,304506
129,0.26,11,101083,101795,101502,304380
69,0.36,6,101081,101920,101458,304459
129,0.44,12,101078,102188,101765,305031
69,0.34,21,101078,101910,101587,304575
129,0.28,18,101078,101728,101317,304123
129,0.38,10,101077,102246,101932,305255
199,0.38,12,101077,102169,101854,305100
29,0.3,15,101077,101873,101667,304617
49,0.48,14,101076,102282,101961,305319
69,0.3,18,101076,101783,101681,304540
29,0.37,6,101075,102003,101357,304435
299,0.22,16,101074,101563,101266,303903
39,0.48,13,101073,102247,101959,305279
44,0.42,10,101072,102312,101863,305247
399,0.26,4,101105,101851,101072,304028
39,0.4,21,101071,101915,101740,304726
39,0.44,11,101070,102249,101842,305161
34,0.39,8,101070,102257,101601,304928
299,0.22,6,101216,101770,101070,304056
69,0.46,14,101069,102273,101894,305236
129,0.48,14,101068,102228,101831,305127
199,0.34,6,101068,101879,101218,304165
49,0.46,13,101066,102260,102061,305387
39,0.46,12,101066,102229,102022,305317
299,0.22,18,101066,101541,101276,303883
44,0.4,10,101064,102327,102034,305425
49,0.42,12,101062,102277,102094,305433
49,0.46,14,101062,102270,101922,305254
39,0.28,16,101061,101706,101207,303974
44,0.41,10,101060,102329,101883,305272
39,0.41,10,101060,102328,101815,305203
69,0.46,13,101059,102223,102034,305316
69,0.44,12,101059,102216,102003,305278
129,0.4,11,101059,102235,101868,305162
19,0.42,10,101059,102099,101852,305010
129,0.26,13,101059,101758,101547,304364
129,0.26,15,101059,101614,101577,304250
44,0.4,9,101058,102281,101830,305169
34,0.4,9,101058,102209,101881,305148
399,0.38,18,101058,102179,101620,304857
39,0.3,19,101058,101705,101586,304349
299,0.22,8,101251,101618,101058,303927
19,0.38,18,101055,102012,101668,304735
59,0.4,10,101054,102310,102061,305425
49,0.4,10,101054,102333,101975,305362
39,0.4,9,101054,102225,101872,305151
129,0.26,14,101053,101744,101577,304374
39,0.395,9,101051,102318,101849,305218
69,0.4,10,101051,102256,101868,305175
199,0.38,10,101051,102203,101691,304945
129,0.46,15,101050,102183,101937,305170
129,0.42,12,101049,102159,101824,305032
34,0.41,10,101048,102294,101829,305171
129,0.36,7,101048,101979,101651,304678
39,0.44,12,101047,102280,101999,305326
34,0.42,10,101047,102244,101793,305084
19,0.26,6,101047,101892,101336,304275
19,0.3,14,101044,101957,101667,304668
69,0.36,21,101043,101866,101680,304589
69,0.28,16,101043,101820,101340,304203
129,0.4,12,101042,102213,101955,305210
29,0.39,8,101042,102171,101902,305115
69,0.38,7,101042,101909,101647,304598
99,0.26,12,101042,101813,101589,304444
99,0.26,11,101042,101801,101534,304377
39,0.28,15,101040,101794,101241,304075
49,0.44,12,101039,102230,102069,305338
129,0.26,20,101038,101594,101347,303979
199,0.42,12,101037,102142,101807,304986
129,0.32,5,101037,101874,101514,304425
19,0.26,8,101037,101753,101356,304146
129,0.44,14,101036,102225,101801,305062
39,0.42,10,101035,102252,101787,305074
399,0.34,10,101035,102098,101316,304449
129,0.48,15,101034,102165,101946,305145
29,0.48,12,101033,102286,101944,305263
129,0.46,14,101033,102169,101824,305026
99,0.26,14,101033,101795,101445,304273
39,0.3,20,101033,101576,101595,304204
99,0.26,15,101033,101693,101433,304159
129,0.42,13,101032,102234,101887,305153
99,0.26,9,101032,101906,101671,304609
39,0.28,14,101032,101704,101387,304123
69,0.42,11,101031,102248,101986,305265
199,0.22,12,101149,101540,101031,303720
29,0.41,9,101030,102142,101753,304925
129,0.26,16,101028,101650,101345,304023
99,0.26,13,101027,101813,101587,304427
39,0.32,19,101025,101812,101610,304447
399,0.42,16,101024,102144,101563,304731
44,0.42,11,101021,102332,102016,305369
39,0.42,11,101021,102338,101989,305348
99,0.26,16,101020,101714,101325,304059
44,0.41,11,101019,102337,102101,305457
39,0.4,10,101019,102327,101974,305320
99,0.36,6,101019,101893,101343,304255
299,0.42,12,101018,102108,101454,304580
129,0.44,13,101017,102158,101825,305000
99,0.26,17,101016,101693,101421,304130
399,0.42,18,101015,102226,101618,304859
69,0.28,17,101015,101828,101349,304192
99,0.26,8,101014,101972,101673,304659
299,0.22,4,101123,101520,101014,303657
49,0.41,11,101013,102302,102125,305440
34,0.38,7,101013,102250,101508,304771
99,0.46,13,101012,102140,101900,305052
99,0.44,12,101012,102162,101801,304975
99,0.4,10,101011,102212,101829,305052
99,0.26,10,101011,101801,101531,304343
39,0.39,9,101010,102330,101969,305309
39,0.38,21,101010,101856,101691,304557
129,0.26,21,101010,101586,101330,303926
19,0.26,10,101010,101591,101259,303860
299,0.42,14,101007,102090,101759,304856
99,0.44,13,101006,102132,101978,305116
399,0.38,14,101006,102196,101450,304652
129,0.26,17,101006,101655,101256,303917
59,0.4,9,101003,102122,101822,304947
129,0.26,18,101002,101651,101180,303833
49,0.44,11,101001,102245,101866,305112
99,0.28,19,101001,101772,101341,304114
99,0.46,14,101000,102172,101858,305030
29,0.32,17,101000,101873,101642,304515
69,0.4,9,100999,102133,101808,304940
49,0.4,9,100998,102179,101762,304939
299,0.34,8,100998,101973,101274,304245
99,0.48,14,100996,102152,101984,305132
99,0.44,11,100996,102122,101838,304956
59,0.42,11,100995,102273,101994,305262
49,0.42,11,100994,102293,102039,305326
99,0.46,12,100991,102163,101783,304937
129,0.38,9,100991,102091,101674,304756
199,0.22,14,101094,101470,100991,303555
99,0.4,9,100989,102091,101779,304859
299,0.38,12,100989,102126,101631,304746
69,0.44,11,100986,102193,101887,305066
49,0.41,9,100986,102153,101755,304894
129,0.48,13,100986,102148,101728,304862
49,0.48,12,100985,102262,101876,305123
44,0.42,9,100984,102123,101836,304943
69,0.48,13,100982,102190,101971,305143
59,0.42,9,100982,102142,101879,305003
99,0.48,13,100982,102169,101791,304942
34,0.37,6,100982,101930,101364,304276
99,0.26,21,100982,101543,101278,303803
69,0.26,12,100980,101844,101285,304109
129,0.26,19,100979,101654,101353,303986
99,0.48,15,100976,102229,101796,305001
199,0.22,6,101207,101692,100976,303875
199,0.22,10,101210,101589,100976,303775
19,0.34,18,100975,101787,101634,304396
59,0.42,10,100974,102122,101861,304957
39,0.44,10,100973,102134,101775,304882
399,0.42,14,100972,101975,101429,304376
49,0.42,9,100971,102147,101771,304889
49,0.42,10,100970,102125,101796,304891
69,0.42,10,100969,102133,101836,304938
39,0.28,18,100969,101577,101294,303840
49,0.39,8,100968,102186,101753,304907
49,0.38,7,100968,102111,101602,304681
29,0.4,8,100968,102169,101535,304672
69,0.3,21,100968,101690,101605,304263
59,0.38,7,100967,101981,101633,304581
99,0.26,19,100967,101687,101301,303955
49,0.48,13,100964,102176,101964,305104
34,0.4,8,100962,102198,101530,304690
44,0.41,9,100961,102208,101771,304940
199,0.22,8,101242,101572,100961,303775
69,0.46,12,100960,102189,101793,304942
39,0.28,20,100960,101369,101241,303570
59,0.4,8,100957,102114,101710,304781
39,0.48,12,100956,102290,101928,305174
49,0.4,8,100953,102164,101742,304859
44,0.4,8,100953,102169,101694,304816
49,0.39,7,100953,101929,101622,304504
69,0.26,5,100951,102087,101352,304390
99,0.28,21,100951,101634,101267,303852
129,0.42,10,100950,102101,101694,304745
129,0.4,9,100950,102108,101595,304653
19,0.34,20,100950,101774,101534,304258
99,0.42,11,100949,102197,101874,305020
39,0.46,11,100948,102279,101786,305013
29,0.46,11,100947,102226,101857,305030
99,0.42,10,100946,102112,101855,304913
39,0.4,8,100946,102172,101576,304694
69,0.46,10,100946,102089,101583,304618
69,0.34,5,100946,101842,101568,304356
69,0.48,12,100945,102113,101719,304777
44,0.38,7,100944,102223,101593,304760
69,0.26,7,100944,102010,101559,304513
69,0.3,19,100944,101808,101618,304370
199,0.3,4,100944,101719,101177,303840
69,0.46,11,100942,102150,101766,304858
39,0.42,9,100942,102126,101694,304762
129,0.46,11,100942,102187,101501,304630
39,0.26,5,100942,101877,101082,303901
49,0.46,11,100940,102188,101970,305098
49,0.46,10,100940,102123,101672,304735
99,0.26,20,100940,101539,101280,303759
99,0.48,12,100938,102202,101696,304836
99,0.38,7,100938,101889,101532,304359
99,0.26,18,100938,101709,101402,304049
49,0.46,12,100937,102194,101957,305088
69,0.28,18,100937,101736,101435,304108
39,0.26,4,100936,101893,101030,303859
39,0.26,6,100935,101837,101284,304056
99,0.38,8,100934,102070,101718,304722
129,0.36,6,100934,101934,101291,304159
99,0.28,20,100934,101761,101249,303944
69,0.48,14,100933,102259,102018,305210
69,0.44,10,100933,102121,101805,304859
49,0.44,10,100931,102131,101734,304796
199,0.22,18,101056,101431,100931,303418
49,0.48,11,100930,102169,101764,304863
129,0.46,12,100929,102069,101843,304841
299,0.38,10,100928,102024,101469,304421
39,0.26,7,100927,101807,101410,304144
399,0.3,6,100927,101934,101102,303963
399,0.38,12,100925,101980,101351,304256
44,0.41,8,100924,102140,101679,304743
69,0.26,13,100924,101834,101309,304067
69,0.26,14,100924,101814,101179,303917
39,0.28,19,100924,101464,101338,303726
129,0.42,11,100923,102133,101824,304880
129,0.48,12,100921,102164,101718,304803
29,0.41,8,100921,102099,101559,304579
29,0.39,7,100920,102135,101490,304545
39,0.26,8,100919,101807,101371,304097
129,0.4,10,100918,102099,101786,304803
39,0.28,17,100918,101683,101325,303926
69,0.42,9,100917,102105,101773,304795
39,0.3,21,100917,101392,101434,303743
19,0.26,12,100917,101592,101112,303621
29,0.44,10,100914,102110,101856,304880
39,0.41,8,100914,102143,101615,304672
44,0.39,7,100914,102031,101682,304627
39,0.395,7,100914,101926,101722,304562
29,0.3,16,100914,101870,101596,304380
299,0.38,8,100914,101851,101129,303894
19,0.42,20,100911,101892,101518,304321
99,0.46,11,100910,102198,101684,304792
29,0.42,9,100909,102135,101664,304708
69,0.42,8,100909,101923,101572,304404
69,0.3,20,100909,101785,101500,304194
39,0.39,7,100908,102034,101618,304560
39,0.26,9,100908,101727,101286,303921
39,0.28,21,100907,101379,101092,303378
129,0.44,11,100906,102139,101839,304884
69,0.44,9,100903,102037,101566,304506
39,0.26,10,100903,101715,101207,303825
49,0.37,6,100902,101971,101454,304327
34,0.41,9,100901,102193,101782,304876
99,0.48,11,100901,102043,101594,304538
69,0.26,8,100901,101986,101540,304427
59,0.42,8,100900,101925,101577,304402
39,0.385,7,100899,102181,101627,304707
39,0.3,18,100899,101852,101567,304318
19,0.34,4,100899,101860,101481,304240
29,0.48,10,100897,102133,101575,304605
44,0.37,6,100895,101964,101471,304330
129,0.44,10,100894,102098,101580,304572
39,0.34,4,100894,101782,101234,303910
49,0.41,8,100892,102148,101702,304742
199,0.38,8,100891,102070,101219,304180
69,0.48,11,100890,102143,101638,304671
34,0.42,9,100887,102141,101668,304696
69,0.26,6,100887,102089,101471,304447
299,0.3,4,100886,101251,101020,303157
69,0.4,8,100885,102058,101770,304713
199,0.42,10,100885,102207,101479,304571
399,0.38,10,100882,101915,101199,303996
129,0.38,7,100881,101932,101355,304168
69,0.26,15,100881,101768,101118,303767
129,0.38,8,100878,102105,101636,304619
69,0.26,16,100877,101745,101180,303802
99,0.46,10,100874,102080,101546,304500
129,0.42,9,100874,102068,101489,304431
69,0.26,11,100872,101832,101395,304099
99,0.32,4,100871,101801,101479,304151
99,0.44,10,100870,102154,101756,304780
49,0.44,9,100870,102048,101611,304529
199,0.22,16,101066,101478,100865,303409
39,0.38,6,100864,101858,101459,304181
39,0.26,12,100864,101636,101171,303671
39,0.375,6,100863,101912,101375,304150
69,0.26,4,100863,101947,101144,303954
99,0.4,8,100862,102039,101606,304507
39,0.36,5,100862,101815,101379,304056
69,0.26,9,100859,101889,101521,304269
69,0.26,10,100859,101832,101357,304048
39,0.37,6,100857,101966,101364,304187
99,0.42,9,100856,102022,101622,304500
29,0.4,7,100853,101936,101529,304318
39,0.26,15,100852,101520,101034,303406
129,0.4,8,100851,102039,101460,304350
129,0.32,4,100850,101719,101251,303820
39,0.48,10,100849,102065,101608,304522
399,0.42,12,100849,101920,101312,304081
399,0.34,8,100845,101882,101139,303866
44,0.42,8,100844,102016,101579,304439
49,0.42,8,100844,101866,101526,304236
19,0.38,20,100843,101846,101731,304420
34,0.39,7,100841,102150,101581,304572
34,0.41,8,100834,102115,101552,304501
69,0.28,21,100833,101470,101227,303530
39,0.44,9,100830,102099,101834,304763
39,0.46,10,100830,102155,101686,304671
39,0.48,11,100829,102179,101859,304867
69,0.28,20,100828,101644,101358,303830
69,0.26,17,100826,101721,101207,303754
29,0.46,10,100825,102087,101748,304660
29,0.44,9,100824,102043,101742,304609
59,0.4,7,100822,101949,101538,304309
69,0.22,6,100894,101363,100817,303074
29,0.48,11,100815,102120,101785,304720
39,0.26,11,100813,101594,101141,303548
99,0.22,6,100972,101453,100812,303237
299,0.34,6,100803,101518,100992,303313
29,0.3,17,100797,101921,101453,304171
29,0.42,8,100796,102060,101729,304585
34,0.42,8,100790,102084,101484,304358
39,0.26,20,100787,101246,100817,302850
29,0.38,6,100786,101862,101356,304004
199,0.22,4,101255,101519,100786,303560
39,0.26,19,100786,101246,101039,303071
99,0.44,9,100784,102057,101549,304390
69,0.38,6,100784,101954,101436,304174
39,0.26,13,100780,101548,101133,303461
39,0.26,14,100780,101608,100990,303378
39,0.42,8,100778,102033,101676,304487
39,0.26,16,100778,101448,101129,303355
69,0.22,10,100875,101326,100775,302976
69,0.28,19,100771,101748,101328,303847
129,0.44,9,100770,101984,101514,304268
49,0.4,7,100769,101909,101538,304216
39,0.26,17,100768,101393,101108,303269
44,0.4,7,100765,101901,101722,304388
59,0.38,6,100765,101938,101425,304128
44,0.38,6,100764,101907,101459,304130
39,0.4,7,100763,101903,101561,304227
69,0.22,8,100894,101317,100763,302974
129,0.46,10,100762,102115,101564,304441
19,0.22,6,100760,101411,100889,303060
399,0.18,8,101164,101377,100759,303300
199,0.22,20,101046,101429,100759,303234
19,0.42,8,100757,102171,101573,304501
19,0.38,6,100755,102154,101664,304573
69,0.22,4,100932,101354,100755,303041
399,0.18,10,101085,101410,100753,303248
99,0.22,12,100819,101384,100752,302955
129,0.48,11,100751,102085,101558,304394
39,0.22,6,100887,101377,100751,303015
19,0.22,8,100749,101223,100789,302761
69,0.34,4,100746,101802,101252,303800
299,0.42,10,100745,101909,101163,303817
49,0.48,9,100740,101994,101590,304324
99,0.34,5,100740,101848,101347,303935
49,0.38,6,100738,101881,101459,304078
99,0.36,5,100738,101908,101246,303892
49,0.41,7,100737,101897,101468,304102
34,0.38,6,100735,101889,101371,303995
39,0.48,9,100734,101992,101517,304243
69,0.4,7,100731,101983,101547,304261
39,0.385,6,100731,101903,101521,304155
69,0.26,18,100731,101748,101138,303617
69,0.26,19,100731,101588,101161,303480
44,0.39,6,100728,101904,101498,304130
99,0.22,10,100868,101413,100726,303007
19,0.3,16,100723,101987,101446,304156
129,0.34,5,100721,101827,101238,303786
299,0.18,6,100982,101372,100718,303072
99,0.34,4,100715,101820,101088,303623
39,0.22,8,100859,101317,100714,302890
129,0.42,8,100712,101944,101343,303999
69,0.26,20,100712,101487,101115,303314
69,0.38,5,100711,101633,101156,303500
34,0.42,7,100709,101918,101484,304111
39,0.44,8,100708,101955,101578,304241
69,0.48,10,100707,102114,101488,304309
39,0.18,6,100853,101316,100707,302876
34,0.4,7,100706,102013,101477,304196
49,0.48,10,100705,102113,101635,304453
69,0.36,5,100705,101883,101336,303924
39,0.22,10,100885,101263,100705,302853
39,0.41,7,100700,101903,101468,304071
199,0.42,8,100700,101968,101080,303748
29,0.41,7,100699,101933,101500,304132
399,0.18,16,101091,101251,100699,303041
49,0.39,6,100698,101905,101426,304029
44,0.41,7,100695,101889,101468,304052
39,0.38,5,100695,101866,101266,303827
39,0.46,9,100692,102032,101585,304309
99,0.42,8,100691,102027,101478,304196
99,0.22,4,100967,101466,100691,303124
34,0.41,7,100690,101911,101418,304019
44,0.42,7,100685,101944,101443,304072
99,0.22,8,100914,101423,100685,303022
399,0.34,6,100682,101447,100997,303126
399,0.18,12,101106,101316,100682,303104
49,0.48,8,100681,101912,101293,303886
39,0.26,18,100680,101362,101124,303166
299,0.18,10,100878,101355,100679,302912
39,0.42,7,100677,101932,101494,304103
34,0.4,6,100675,101921,101351,303947
19,0.3,18,100673,101820,101389,303882
39,0.48,8,100671,101909,101297,303877
129,0.44,8,100671,101880,101246,303797
19,0.22,10,100671,101266,100709,302646
39,0.26,21,100671,101153,100778,302602
34,0.39,6,100670,101892,101468,304030
49,0.46,9,100666,101968,101527,304161
39,0.39,6,100666,101904,101411,303981
399,0.18,18,101014,101251,100663,302928
29,0.46,9,100662,102089,101553,304304
39,0.395,6,100661,101908,101369,303938
39,0.36,4,100661,101746,101252,303659
99,0.18,6,100819,101338,100661,302818
49,0.44,8,100660,101937,101486,304083
39,0.44,7,100660,101955,101308,303923
299,0.18,14,100856,101293,100659,302808
39,0.4,6,100658,101905,101280,303843
69,0.22,14,100760,101208,100657,302625
99,0.48,10,100656,102012,101521,304189
69,0.26,21,100654,101334,101030,303018
69,0.48,8,100653,101802,101392,303847
29,0.48,8,100652,101933,101376,303961
129,0.36,5,100651,101643,100995,303289
129,0.42,7,100650,101854,101104,303608
44,0.4,6,100649,101892,101346,303887
199,0.18,12,100779,101188,100649,302616
29,0.39,6,100647,101909,101456,304012
19,0.18,4,100801,101323,100645,302769
69,0.18,8,100823,101266,100644,302733
19,0.18,6,100896,101265,100643,302804
49,0.42,7,100641,101909,101395,303945
19,0.26,14,100641,101570,101014,303225
29,0.42,7,100640,101893,101468,304001
69,0.18,6,100802,101316,100640,302758
299,0.18,16,100838,101309,100639,302786
299,0.18,18,100838,101279,100639,302756
199,0.18,10,100758,101279,100636,302673
29,0.44,8,100634,101948,101491,304073
29,0.44,7,100633,101958,101417,304008
19,0.22,4,100761,101399,100633,302793
29,0.48,9,100629,102015,101470,304114
29,0.46,8,100629,102029,101395,304053
99,0.48,9,100627,101907,101454,303988
49,0.46,8,100627,101918,101435,303980
399,0.18,14,101106,101318,100627,303051
99,0.46,8,100626,101906,101406,303938
69,0.36,4,100625,101240,101079,302944
39,0.18,4,100782,101322,100625,302729
399,0.18,20,101014,101249,100623,302886
399,0.3,4,100618,101233,100635,302486
99,0.18,8,100810,101282,100615,302707
19,0.42,6,100613,101880,101320,303813
99,0.42,7,100613,101880,101291,303784
19,0.3,20,100613,101291,101086,302990
299,0.18,12,100859,101285,100613,302757
129,0.4,7,100610,101924,101378,303912
69,0.22,12,100763,101262,100610,302635
39,0.46,8,100604,102023,101410,304037
129,0.34,4,100601,101256,101024,302881
39,0.22,4,100828,101367,100601,302796
69,0.48,9,100600,101936,101554,304090
299,0.18,8,100939,101322,100600,302861
69,0.46,9,100599,101965,101519,304083
49,0.44,7,100599,101839,101475,303913
29,0.46,7,100599,101903,101132,303634
199,0.18,8,100862,101295,100599,302756
199,0.14,6,100814,101254,100599,302667
34,0.41,6,100596,101901,101253,303750
129,0.48,10,100595,101950,101542,304087
29,0.4,6,100595,101893,101312,303800
129,0.38,6,100595,101867,101156,303618
399,0.42,10,100594,101722,101136,303452
59,0.42,7,100593,101813,101384,303790
29,0.41,6,100593,101846,101257,303696
99,0.4,7,100591,101957,101410,303958
399,0.38,8,100591,101579,101098,303268
59,0.4,6,100590,101746,101219,303555
69,0.46,8,100588,101872,101358,303818
299,0.18,4,100986,101452,100588,303026
299,0.42,8,100585,101534,101091,303210
399,0.18,6,101191,101397,100585,303173
299,0.22,2,100583,101322,100686,302591
129,0.46,9,100581,101917,101400,303898
199,0.38,6,100579,101595,100950,303124
99,0.22,14,100796,101280,100579,302655
34,0.42,6,100578,101713,101034,303325
69,0.42,7,100576,101810,101360,303746
49,0.46,7,100574,101792,101124,303490
69,0.14,4,100731,101250,100574,302555
69,0.44,8,100572,101817,101400,303789
39,0.46,7,100572,101775,101197,303544
39,0.22,12,100769,101250,100570,302589
99,0.14,4,100758,101276,100569,302603
99,0.4,6,100564,101859,101116,303539
39,0.41,6,100563,101912,101228,303703
99,0.46,9,100560,101953,101505,304018
199,0.18,4,100895,101337,100559,302791
29,0.42,6,100556,101872,101183,303611
399,0.14,4,100880,101295,100553,302728
69,0.44,7,100552,101787,101133,303472
69,0.22,16,100758,101074,100549,302381
49,0.4,6,100546,101885,101364,303795
199,0.18,6,100877,101351,100546,302774
99,0.38,6,100541,101952,101214,303707
99,0.44,8,100540,101882,101357,303779
44,0.42,6,100540,101715,101088,303343
49,0.42,6,100540,101549,101191,303280
299,0.14,4,100853,101319,100539,302711
199,0.14,4,100803,101306,100539,302648
39,0.18,8,100882,101206,100539,302627
399,0.18,4,101124,101403,100537,303064
99,0.18,12,100802,101168,100536,302506
39,0.22,14,100734,101126,100535,302395
299,0.14,12,100758,101182,100534,302474
69,0.42,6,100532,101644,100913,303089
199,0.18,14,100823,101196,100532,302551
199,0.34,4,100530,101279,100660,302469
44,0.41,6,100529,101896,101226,303651
99,0.22,16,100763,101288,100522,302573
99,0.18,10,100842,101266,100520,302628
49,0.41,6,100519,101845,101189,303553
39,0.4,5,100518,101823,100766,303107
39,0.42,6,100517,101900,101108,303525
299,0.14,10,100770,101188,100515,302473
29,0.44,6,100513,101694,100767,302974
199,0.14,8,100835,101266,100513,302614
99,0.38,5,100510,101588,100943,303041
399,0.14,8,100834,101265,100510,302609
299,0.14,8,100770,101282,100510,302562
19,0.26,20,100508,100900,100764,302172
69,0.46,7,100507,101661,101063,303231
99,0.18,4,100819,101367,100507,302693
69,0.18,4,100800,101338,100507,302645
399,0.14,14,100758,101166,100505,302429
129,0.48,9,100504,101827,101365,303696
299,0.14,6,100792,101283,100503,302578
69,0.4,6,100500,101797,101207,303504
69,0.18,10,100810,101262,100498,302570
19,0.22,12,100500,101251,100498,302249
39,0.48,7,100497,101756,100909,303162
29,0.48,7,100488,101731,101051,303270
399,0.22,2,100488,101544,100774,302806
39,0.44,6,100484,101555,100870,302909
19,0.26,18,100483,101055,100929,302467
399,0.14,6,100819,101253,100482,302554
99,0.14,6,100718,101240,100478,302436
99,0.48,8,100477,101814,101284,303575
39,0.14,4,100621,101124,100474,302219
299,0.14,14,100822,101150,100470,302442
129,0.4,6,100467,101880,101022,303369
59,0.42,6,100466,101570,101068,303104
129,0.46,8,100462,101746,101219,303427
19,0.18,8,100765,101213,100462,302440
99,0.44,7,100454,101854,101040,303348
299,0.18,20,100810,101275,100441,302526
99,0.22,18,100743,101200,100441,302384
19,0.14,2,100489,100890,100438,301817
69,0.14,6,100658,101210,100431,302299
199,0.14,10,100826,101172,100430,302428
129,0.44,7,100429,101715,100973,303117
399,0.14,10,100810,101171,100427,302408
199,0.14,12,100789,101162,100422,302373
19,0.26,2,100418,101351,100489,302258
129,0.48,8,100417,101675,101065,303157
399,0.14,16,100758,101166,100411,302335
299,0.1,2,100640,101201,100410,302251
19,0.38,4,100409,101586,100916,302911
399,0.14,12,100798,101212,100409,302419
99,0.22,20,100706,101094,100409,302209
69,0.22,18,100599,100894,100409,301902
39,0.14,6,100553,101002,100402,301957
99,0.14,8,100694,101234,100400,302328
199,0.22,2,100685,101141,100399,302225
399,0.14,18,100830,101162,100398,302390
199,0.18,18,100704,101088,100397,302189
99,0.26,2,100393,101169,100702,302264
39,0.14,8,100395,100909,100391,301695
399,0.1,2,100746,101329,100389,302464
399,0.1,6,100706,101150,100382,302238
39,0.18,10,100781,101154,100378,302313
39,0.22,16,100668,100993,100376,302037
19,0.14,4,100401,100877,100374,301652
399,0.1,4,100746,101253,100373,302372
399,0.1,12,100742,101146,100373,302261
199,0.18,16,100728,101162,100370,302260
199,0.26,2,100370,101222,100634,302226
199,0.18,20,100622,100963,100370,301955
39,0.38,4,100369,101481,100844,302694
129,0.38,5,100369,101428,100886,302683
199,0.14,14,100706,101058,100369,302133
19,0.22,16,100367,100709,100374,301450
299,0.1,4,100640,101111,100366,302117
99,0.42,6,100363,101748,100931,303042
69,0.22,2,100361,101181,100378,301920
399,0.14,20,100806,101146,100359,302311
69,0.14,8,100663,101218,100358,302239
49,0.44,6,100356,101650,100814,302820
69,0.18,12,100704,101154,100356,302214
69,0.22,20,100634,100873,100351,301858
19,0.26,16,100347,101383,100780,302510
69,0.18,14,100653,101002,100342,301997
399,0.1,16,100749,101103,100334,302186
39,0.18,12,100707,100971,100333,302011
299,0.14,18,100721,101133,100332,302186
19,0.22,14,100331,100799,100355,301485
399,0.14,2,100876,101228,100327,302431
399,0.42,8,100326,101447,100829,302602
69,0.4,5,100324,101445,100703,302472
399,0.1,10,100745,101150,100323,302218
39,0.14,10,100321,100631,100323,301275
299,0.14,20,100591,101103,100318,302012
399,0.1,14,100749,101146,100314,302209
19,0.22,2,100308,101281,100354,301943
299,0.1,6,100640,100976,100308,301924
299,0.18,2,100738,101229,100305,302272
399,0.1,8,100778,101166,100298,302242
199,0.18,2,100698,101241,100297,302236
99,0.36,4,100295,101281,100942,302518
49,0.48,7,100292,101711,101100,303103
69,0.14,2,100695,101161,100292,302148
299,0.1,8,100640,101008,100292,301940
19,0.3,2,100291,101526,100736,302553
299,0.14,2,100842,101236,100290,302368
199,0.14,16,100687,100918,100290,301895
39,0.14,2,100585,101025,100286,301896
19,0.18,10,100554,100859,100285,301698
39,0.22,2,100364,101217,100281,301862
99,0.18,14,100725,101102,100280,302107
99,0.22,2,100435,101271,100280,301986
99,0.14,14,100552,100853,100274,301679
299,0.1,10,100598,100977,100270,301845
299,0.14,16,100823,101146,100267,302236
69,0.14,10,100551,100926,100265,301742
39,0.22,18,100573,100944,100258,301775
69,0.38,4,100256,101283,100450,301989
199,0.14,2,100814,101214,100255,302283
99,0.14,2,100735,101187,100255,302177
19,0.22,18,100255,100407,100290,300952
299,0.38,6,100248,101394,100701,302343
399,0.1,18,100743,101103,100246,302092
39,0.42,5,100239,101400,100776,302415
129,0.4,5,100239,101393,100594,302226
69,0.18,16,100611,100831,100234,301676
99,0.14,10,100632,101032,100233,301897
39,0.18,16,100578,100629,100233,301440
39,0.26,2,100228,101328,100602,302158
19,0.18,12,100493,100699,100227,301419
399,0.1,20,100734,101085,100226,302045
129,0.36,4,100220,101245,100804,302269
199,0.14,18,100562,100889,100217,301668
69,0.44,6,100214,101401,100756,302371
99,0.18,2,100659,101246,100214,302119
99,0.18,16,100687,100960,100213,301860
99,0.14,12,100578,100991,100212,301781
29,0.46,6,100208,101559,100725,302492
99,0.46,7,100203,101602,101104,302909
19,0.18,2,100604,101209,100203,302016
19,0.18,14,100387,100458,100202,301047
199,0.1,4,100497,100914,100200,301611
399,0.18,2,100885,101276,100197,302358
39,0.46,6,100194,101530,100592,302316
39,0.3,2,100192,101438,100958,302588
39,0.18,14,100612,100808,100192,301612
299,0.1,16,100412,100948,100189,301549
299,0.1,18,100388,100883,100189,301460
99,0.18,18,100525,100875,100188,301588
69,0.14,12,100501,100686,100188,301375
39,0.18,2,100591,101198,100183,301972
69,0.48,7,100182,101431,100883,302496
69,0.26,2,100180,101229,100621,302030
69,0.18,2,100596,101230,100179,302005
49,0.46,6,100176,101627,100682,302485
129,0.42,6,100175,101467,100713,302355
299,0.1,14,100524,100979,100169,301672
99,0.4,5,100168,101436,100722,302326
99,0.44,6,100168,101343,100777,302288
299,0.26,2,100159,100914,100310,301383
299,0.1,12,100598,100975,100158,301731
19,0.14,6,100151,100743,100353,301247
39,0.22,20,100344,100720,100151,301215
69,0.46,6,100135,101161,100630,301926
129,0.46,7,100130,101586,100942,302658
69,0.18,18,100519,100771,100123,301413
199,0.14,20,100569,100885,100119,301573
19,0.22,20,100116,100366,100187,300669
299,0.34,4,100113,101206,100262,301581
39,0.4,4,100111,101178,100344,301633
39,0.48,6,100094,101327,100706,302127
99,0.38,4,100089,101154,100428,301671
39,0.44,5,100084,101349,100578,302011
129,0.44,6,100081,101353,100777,302211
199,0.1,6,100476,100825,100081,301382
99,0.48,7,100079,101471,100889,302439
99,0.18,20,100513,100845,100071,301429
69,0.42,5,100062,101289,100432,301783
199,0.1,8,100476,100822,100060,301358
199,0.1,2,100509,101004,100052,301565
299,0.1,20,100376,100909,100052,301337
39,0.14,12,100232,100571,100046,300849
69,0.14,14,100418,100705,100044,301167
69,0.44,5,100043,101052,100466,301561
99,0.1,2,100109,100813,100040,300962
69,0.3,2,100038,101221,100891,302150
199,0.1,10,100366,100740,100036,301142
29,0.48,6,100035,101261,100514,301810
49,0.48,6,100025,101108,100713,301846
99,0.1,4,100073,100744,100020,300837
39,0.18,18,100400,100415,100001,300816
199,0.1,12,100244,100752,99996,300992
129,0.48,7,99993,101369,100820,302182
129,0.38,4,99989,101135,100360,301484
99,0.46,6,99986,101232,100565,301783
129,0.46,6,99986,101237,100527,301750
199,0.42,6,99975,101269,100733,301977
19,0.18,16,100253,100259,99963,300475
99,0.42,5,99962,101333,100536,301831
129,0.42,5,99962,101198,100390,301550
99,0.3,2,99961,101273,100652,301886
19,0.42,4,99947,101132,100005,301084
99,0.44,5,99902,101048,100441,301391
69,0.4,4,99898,101093,100196,301187
39,0.14,14,100060,100352,99896,300308
69,0.48,6,99884,100986,100451,301321
69,0.14,16,100351,100596,99878,300825
99,0.1,6,99973,100576,99868,300417
69,0.18,20,100393,100781,99859,301033
39,0.18,20,100228,100534,99855,300617
199,0.38,4,99851,100738,100114,300703
299,0.42,6,99844,101151,100527,301522
99,0.48,6,99839,100955,100344,301138
19,0.14,8,99833,100577,100100,300510
99,0.14,16,100383,100798,99820,301001
399,0.38,6,99813,101382,100487,301682
19,0.34,2,99811,100817,100061,300689
39,0.46,5,99777,101005,100052,300834
99,0.4,4,99773,101102,100190,301065
69,0.14,18,99991,100451,99766,300208
19,0.14,10,99740,100323,100016,300079
199,0.1,14,100131,100761,99730,300622
99,0.1,8,100008,100605,99713,300326
199,0.1,16,100072,100692,99711,300475
69,0.1,2,99703,100693,99950,300346
19,0.18,18,99875,99999,99703,299577
99,0.14,20,100211,100477,99699,300387
399,0.26,2,99687,100517,99954,300158
39,0.42,4,99658,101256,100148,301062
69,0.14,20,99897,100341,99658,299896
99,0.14,18,100367,100583,99653,300603
199,0.3,2,99641,100785,100226,300652
129,0.44,5,99640,100960,100255,300855
199,0.1,18,100041,100701,99630,300372
399,0.42,6,99624,100754,99829,300207
69,0.46,5,99616,100931,100041,300588
39,0.1,2,99615,100431,99826,299872
69,0.1,4,99603,100557,99900,300060
39,0.14,18,99695,100113,99591,299399
39,0.14,16,99788,100260,99581,299629
39,0.34,2,99562,100856,100020,300438
99,0.1,10,99768,100528,99559,299855
129,0.4,4,99544,100959,99944,300447
299,0.38,4,99535,100336,99660,299531
99,0.1,12,99700,100448,99518,299666
19,0.14,12,99516,100111,99863,299490
399,0.34,4,99513,100416,99928,299857
19,0.18,20,99578,99942,99507,299027
69,0.1,6,99482,100289,99811,299582
199,0.1,20,100055,100470,99475,300000
129,0.48,6,99473,100976,100300,300749
99,0.46,5,99472,100821,100097,300390
39,0.1,4,99462,100197,99751,299410
39,0.14,20,99455,100083,99590,299128
69,0.1,8,99448,100260,99695,299403
39,0.44,4,99441,100636,99655,299732
69,0.42,4,99436,100936,100066,300438
99,0.42,4,99427,100939,99845,300211
69,0.1,10,99415,100222,99568,299205
129,0.46,5,99403,100639,99805,299847
39,0.48,5,99384,100805,99833,300022
69,0.44,4,99376,100532,99550,299458
99,0.1,14,99659,100397,99372,299428
99,0.1,16,99561,100252,99366,299179
69,0.34,2,99340,100627,99721,299688
39,0.1,6,99298,99986,99529,298813
129,0.42,4,99292,100330,99789,299411
19,0.14,14,99288,99938,99451,298677
99,0.1,18,99453,100090,99250,298793
69,0.1,12,99228,100214,99356,298798
299,0.3,2,99199,99972,99352,298523
19,0.14,16,99163,99912,99302,298377
39,0.1,8,99143,99860,99427,298430
69,0.48,5,99119,100682,99931,299732
129,0.48,5,99110,100418,99590,299118
399,0.38,4,99107,100171,99181,298459
99,0.34,2,99100,100160,99467,298727
99,0.48,5,99095,100337,99671,299103
19,0.14,18,99047,99790,99075,297912
39,0.46,4,99040,100568,99437,299045
69,0.1,14,99034,100136,99437,298607
39,0.1,10,99029,99687,99282,297998
199,0.42,4,99018,100304,99311,298633
19,0.1,2,99002,99958,99464,298424
99,0.1,20,99390,100011,98987,298388
39,0.1,12,98985,99574,99232,297791
69,0.1,18,98958,99957,99195,298110
69,0.1,16,98931,99963,99232,298126
19,0.1,6,98862,99688,98992,297542
99,0.44,4,98856,100289,99559,298704
19,0.14,20,99030,99710,98851,297591
19,0.1,8,98859,99614,98848,297321
69,0.1,20,98836,99891,98952,297679
39,0.1,14,98826,99492,99019,297337
19,0.1,4,98825,99802,99272,297899
129,0.44,4,98764,100054,99398,298216
99,0.46,4,98750,99902,98896,297548
39,0.48,4,98745,100030,98967,297742
39,0.1,16,98744,99434,98923,297101
129,0.46,4,98708,99733,98860,297301
299,0.42,4,98745,99716,98697,297158
69,0.46,4,98689,99916,98952,297557
19,0.1,10,98850,99413,98670,296933
39,0.1,18,98655,99411,98813,296879
399,0.3,2,98662,99742,98634,297038
199,0.34,2,98601,99924,99028,297553
39,0.1,20,98612,99365,98572,296549
19,0.1,12,98759,99374,98533,296666
69,0.48,4,98528,99783,98896,297207
19,0.1,16,98559,99188,98453,296200
19,0.38,2,98458,99862,98430,296750
19,0.1,18,98500,99169,98417,296086
99,0.48,4,98416,99402,98445,296263
19,0.1,14,98645,99268,98412,296325
19,0.1,20,98348,99182,98405,295935
129,0.48,4,98332,99304,98487,296123
39,0.38,2,98227,99501,98626,296354
299,0.34,2,98043,99207,97940,295190
399,0.42,4,98239,99069,97821,295129
69,0.38,2,97643,99362,98188,295193
99,0.38,2,97481,99246,97723,294450
199,0.38,2,96717,98382,96906,292005
399,0.34,2,97144,98642,96529,292315
19,0.42,2,97085,98312,96323,291720
69,0.42,2,96267,97579,95829,289675
39,0.42,2,96488,98684,95752,290924
99,0.42,2,96120,97611,95231,288962
299,0.38,2,96121,97331,94868,288320
199,0.42,2,95824,96413,93884,286121
399,0.38,2,95627,96433,93825,285885
299,0.42,2,95326,95570,92507,283403
399,0.42,2,95018,94965,91098,281081
